-0.669795,-0.70913
-0.596072,-0.490494
-0.81739,-0.551309
-0.60118,-0.663249
-0.72227,0
-0.609991,-0.348367
-0.287543,-0.595172
-0.783958,0
-0.786119,-0.8425
-0.565752,-0.255747
-0.646454,-0.741922
-0.653411,0.284285
0,0
-0.802754,0
-0.900411,-0.880952
-0.625694,0
0,0
-0.642573,-0.674841
-0.521698,0
0,0
-0.492765,-0.557557
-0.69335,0
-0.749019,0
0,0.917319
-0.54413,-0.563546
-0.6208,-0.324445
-0.586529,0.687985
-0.465021,-0.360125
0.832332,0
-0.342732,0.309491
-0.715812,0
-0.502721,0
0.800255,0
-0.422772,0
-0.399655,0.706233
-0.650186,-0.255276
-0.605066,-0.933669
-0.773286,-0.783846
-0.50619,-0.781196
-0.606057,-0.309508
-0.661209,0.341797
0,0.565502
0,0
-0.665218,-0.618831
0,0.48649
-0.725446,-0.391991
-0.468391,-0.415137
-0.717717,-0.617052
-0.720372,-0.482423
-0.61406,0
-0.383756,-0.656393
-0.714503,0.483203
0,-0.563441
0,0
-0.786047,0
-0.643822,-0.895731
-0.502107,0
-0.375031,-0.672907
-0.437845,-0.404625
-0.602492,-0.300908
-0.79924,0
-0.499284,0
-0.905348,-0.854495
-0.410651,0
-0.646517,-0.64496
-0.829593,0
-0.573918,0.38798
0,0
-0.690897,-0.263025
0,0
-0.743436,-0.68572
-0.745297,0.506263
-0.380384,0.335949
-0.826904,-0.762934
0,0
-0.521329,-0.569738
-0.710174,0.292481
-0.715171,0.292236
-0.740084,-0.676556
-0.754286,0.469353
-0.685553,-0.513746
0.972608,-0.325954
-0.418891,0
-0.737089,-0.667492
-0.482041,0
-0.533106,-0.521033
0.693494,0.378226
-0.791828,-0.802505
-0.714821,-0.714272
-0.663877,0.381595
-0.717344,-0.414408
0,0
-0.877145,0.357593
-0.77156,-0.494177
-0.650069,-0.650069
-0.704273,-0.314619
-0.618986,0
-0.73152,0.445266
0,0.673258
0,-0.554453
0.467754,0.319895
-0.830409,0
-0.713226,0
0,0
-0.666616,0.524371
-0.616309,-0.701585
0,0
-0.377197,0
-0.576757,-0.349682
-0.54463,0.269916
-0.656611,-0.581345
-0.692712,-0.526671
-0.615865,-0.450826
-0.456446,0
-0.605958,-0.373282
-0.642681,0.843837
-0.38862,-0.718234
-0.48589,0
-0.808558,-0.768855
-0.702002,-0.622824
-0.578588,0.478192
0,0
0,-0.348706
-0.264849,0
-0.65937,-0.340207
0,0
0,0.440233
-0.454477,0.344164
-0.786574,0
-0.601647,0
-0.723695,-0.555883
-0.690669,-0.623098
-0.759987,-0.473422
0,0
0,0.703673
-0.723612,-0.668941
-0.814296,-0.625965
-0.463696,0.272346
-0.703187,-0.749624
-0.589496,0.261087
0,0
-0.542958,0.29286
-0.771632,-0.614102
-0.835639,-0.698781
0,0.47434
-0.492196,0.61011
-0.790732,-0.686745
-0.746568,-0.819331
-0.829285,-0.884143
0,0
-0.57172,-0.468917
-0.428279,-0.494625
-0.968546,0
-0.560002,-0.40232
-0.504074,-0.26638
0.803075,0.779586
-0.641553,-0.686351
-0.583121,0
-0.490429,0.275043
-0.936626,-0.530843
0,0
0,-0.580986
0,0.874847
-0.575516,0.504805
-0.495736,-0.517787
0,-0.534655
0,0
-0.504679,0.324057
-0.726502,-0.614357
0.389766,0.670904
-0.340648,-0.620843
-0.536156,-0.334181
-0.56578,-0.764139
0,0
0.30806,0.611178
0,0
-0.894132,-0.654818
-0.406007,0.261231
-0.429012,-0.373989
0,0.78626
-0.684407,-0.571928
-0.489573,0.396781
-0.596939,0.479805
-0.647294,0
-0.63079,0
-0.656456,-0.577937
-0.430775,-0.33855
-0.690421,-0.519514
-0.65494,-0.445746
-0.685321,-0.450009
-0.534041,-0.372689
-0.590479,-0.297563
-0.659932,-0.616166
-0.467612,-0.274608
-0.337619,0
0,0
-0.602666,0
-0.550783,0
-0.527513,-0.361262
-0.694142,-0.263907
-0.758385,-0.463111
0.363297,0.484251
-0.668833,-0.870345
-0.734404,-0.554778
-0.880354,-0.472768
-0.667382,0
-0.695631,-0.533454
0,0.513848
-0.81237,-0.68099
-0.846465,0
-0.464241,0.514499
-0.90008,-0.7998
-0.751005,-0.794681
-0.796271,0
-0.430456,0.445619
-0.345743,-0.371445
0,-0.586439
-0.625022,-0.720458
-0.515453,-0.374591
-0.617966,0
-0.539574,-0.493984
-0.405257,-0.393553
-0.602358,-0.463696
-0.417249,-0.306075
-0.838812,-0.528599
-0.301313,0.371264
0,0.818303
-0.796012,0.776434
-0.792274,-0.823131
0,-0.454901
0,-0.431877
0,-0.364891
-0.537983,-0.439191
-0.36195,0
-0.73753,-0.616675
0,0
-0.602014,0.266768
-0.833121,-0.329691
-0.703936,0
0,0
-0.596123,-0.738629
-0.8949,-0.866675
-0.59467,0.329188
-0.716671,-0.604533
-0.784275,-0.46788
-0.309143,-0.402103
-0.619955,-0.562068
0,0
-0.501058,0
-0.493331,0.532543
-0.78849,-0.616676
-0.723724,-0.558674
-0.305291,0.446778
-0.527589,0
0,0
-0.652579,-0.612993
-0.575532,0.500748
0,0.663472
-0.559528,-0.547888
-0.729176,-0.701358
-0.712719,-0.268564
-0.378804,-0.431215
0,0
-0.722126,0
-0.615167,0
0,0
-0.492966,-0.450351
-0.754323,-0.640212
-0.815299,-0.684934
-0.695425,-0.475785
-0.500616,-0.636381
-0.685712,-0.807148
-0.562947,0.277842
0,0
-0.688649,-0.60717
0.815162,0
-0.789674,-0.488802
-0.558807,-0.473997
-0.678407,-0.359621
-0.600633,0.644698
0,0
0,0
-0.645797,-0.594259
0,0.781588
-0.617635,-0.553383
-0.520208,-0.330133
-0.272753,-0.567501
0.417801,0.417801
0.361697,0.669607
-0.758315,-0.758315
-0.77647,0
-0.593555,-0.553258
-0.749313,-0.388727
-0.671962,-0.725754
-0.694905,-0.572711
-0.751663,0.577819
0,0.761227
-0.773378,0.342657
-0.329661,-0.492599
0,0
-0.527056,-0.552902
-0.717454,0
-0.440573,0
-0.35074,-0.523405
-0.511921,-0.632395
-0.421568,0.279051
-0.691271,-0.77345
-0.722614,0.566388
0,0
-0.56849,-0.588519
-0.713104,-0.57345
-0.608391,-0.298034
-0.833137,0.441493
0,0
-0.698217,-0.658984
-0.747402,-0.794934
-0.538396,0
0,0.558682
-0.605288,-0.48489
-0.451076,-0.410149
-0.507084,-0.698876
-0.850906,0.316185
-0.876369,0
-0.546092,-0.614117
-0.510331,0
-0.61009,-0.306039
0.524503,0
-0.718526,0.323151
-0.68912,-0.506133
-0.682227,0
-0.299212,-0.301819
-0.773172,0
-0.464164,0.294436
-0.760455,-0.576255
0,0
-0.624755,-0.581191
0,0.840746
-0.702794,-0.568584
-0.765952,-0.460576
-0.961847,-0.53634
-0.853117,-0.528878
-0.410362,-0.536143
-0.626029,-0.390225
-0.736284,-0.426614
0,0
-0.647926,-0.654425
-0.691782,0.945677
-0.803517,-0.272023
-0.744306,0
0,-0.369773
-0.653232,-0.55455
0,0
0,-0.331573
0,0
-0.667484,0.275694
-0.59211,-0.516707
0,0
0,0
-0.507646,0.320675
0,0.804896
-0.719086,0
-0.598005,-0.339939
-0.542686,-0.586232
-0.420006,-0.296211
-0.317775,0.379793
0,0
-0.699078,-0.347549
-0.604098,0.316339
-0.537441,0.570672
-0.552587,-0.517188
0,0.939784
0.318616,0.941875
0.543963,0.452775
-0.961114,-0.471293
-0.606892,0.342636
-0.863274,0
-0.72612,0
-0.775935,-0.393046
0,0
-0.590143,-0.537528
-0.621681,0.670556
-0.750657,-0.803752
-0.528646,0
0,0
-0.769633,-0.571626
-0.444095,-0.927436
-0.562152,0
0,0
-0.497364,-0.370493
0,-0.795347
-0.721356,-0.526906
0.426528,-0.27917
0,0
-0.418493,-0.801716
0,0
-0.745302,-0.337015
-0.692686,-0.809392
-0.377821,-0.271137
-0.735255,-0.902491
-0.618734,-0.692429
-0.630062,-0.345375
-0.511162,-0.415593
-0.380484,-0.582074
-0.464085,-0.26595
-0.44298,-0.76425
0,0
0,-0.692332
0,0
0,0
-0.704078,-0.247369
0,0
-0.69423,-0.529183
-0.495993,0.531742
-0.490565,0.393346
-0.71796,-0.288984
-0.776359,0.415805
0,0
-0.822082,-0.640663
0,0
-0.711555,-0.847292
-0.783768,-0.948994
0,0
-0.587224,-0.611909
0,0
0,0
0.565541,0.685129
0,0
0,0
0,0
0,0
0.466256,0
-0.254086,0
-0.350653,0.369726
0,0
0,0
0,0
0,0
-0.831663,0
0,0
0,0
0,0
-0.321563,0
0,0
-0.968276,0
0,0.480591
-0.479947,-0.657057
0.285483,-0.47624
-0.742703,-0.408281
0,0
0,0
-0.627469,-0.555254
-0.66215,-0.858033
-0.810721,-0.244483
-0.941004,0
-0.81431,-0.889738
-0.755798,-0.731002
-0.66713,0
0,0
-0.501087,-0.409217
-0.779433,0
-0.739607,0.496927
0,0
-0.700714,-0.757819
-0.667421,-0.631062
0,0
0,0
-0.809303,-0.599021
-0.844052,0
0,0
-0.752179,0
-0.40517,0.252215
0,0
-0.622413,-0.366302
-0.610934,-0.610934
0,0
0,0
0,0
0.277688,-0.271534
-0.68598,-0.303155
-0.610057,-0.608826
-0.726817,-0.61725
-0.619885,-0.491313
-0.684119,-0.478752
-0.727351,0.585535
-0.712921,-0.660852
0,0
0,0
-0.748899,-0.385924
0,0
0,0
-0.346611,0
-0.587623,-0.385231
-0.75831,-0.455651
-0.519195,-0.292153
0,0
-0.655203,-0.497015
-0.712406,-0.636151
-0.458792,-0.619739
-0.629902,-0.376313
-0.558428,-0.555284
-0.38815,-0.396154
0,0
-0.722263,-0.638441
0,0
0,0
0,0
-0.327602,0.654529
-0.488135,-0.506979
-0.663436,-0.536991
-0.623579,0.671439
-0.708803,0
-0.775109,0
-0.555999,0
-0.694892,-0.380191
-0.341772,-0.309853
0,0
0,0
-0.928399,0
-0.601843,0
-0.70942,-0.377485
0,0
-0.711419,0
-0.44011,-0.599005
-0.708381,-0.663453
0,0
0.394179,0
0,0
-0.574479,-0.497896
0.322634,-0.312285
-0.632278,0
-0.573879,0.436917
-0.690071,-0.29064
-0.69653,-0.620051
-0.86536,-0.468875
-0.636103,0
-0.575663,0
-0.448619,0.294916
0,0
-0.330591,0.523897
0,0
-0.56082,0
-0.628896,0
-0.678068,0
-0.798065,0
-0.759844,-0.417308
-0.382269,-0.290422
-0.683389,0
0,0
0,0
-0.548966,0
-0.45283,-0.343259
-0.283029,0
-0.516681,-0.491254
0.387617,-0.317546
0.588069,0.297369
0.333757,0.437569
-0.616416,-0.31438
-0.88527,-0.601816
-0.601673,-0.693365
-0.773793,0
-0.435537,0
-0.392711,0
-0.664767,0.312359
0,0
-0.735472,-0.823797
-0.912379,0
-0.603678,0.322752
-0.555813,-0.397181
0,0
-0.362223,0.562907
-0.416235,0
-0.831147,-0.684816
-0.664491,-0.489626
-0.454425,-0.63288
-0.658667,-0.46051
0,0
0,0
0.740394,0
0.455436,0.352182
-0.728931,0
-0.491198,-0.633448
0,0
0,0
-0.332537,0.252295
-0.762297,-0.739253
-0.616253,-0.643468
-0.540364,0
0,0
0.66598,-0.527271
-0.759506,0.291185
-0.579769,-0.530259
-0.64512,0
-0.642244,-0.621984
-0.554011,-0.508313
-0.671886,-0.477825
-0.792241,0
-0.36242,-0.606892
-0.588402,-0.608736
-0.413408,0
-0.973478,-0.786811
-0.575343,-0.552958
0.322464,0.344515
0,0
-0.901425,-0.365842
-0.525441,-0.443387
-0.363698,0.397166
-0.345728,0.402366
-0.808581,0
0,-0.676062
-0.798335,-0.81803
-0.603733,0
-0.555602,-0.656921
0,0
-0.859606,0
-0.501225,0.353165
-0.569967,0.304437
-0.731068,-0.637957
-0.25358,0.513762
-0.682294,-0.747662
-0.619576,-0.284531
-0.624048,0
-0.701615,-0.620304
0,0
-0.539264,-0.411835
0,0
-0.630891,-0.846837
-0.566479,-0.352712
-0.383049,0.252453
-0.767587,0
-0.615361,0.419314
-0.34603,0
0,0
0.315718,0.368333
-0.748022,0.894701
-0.545568,-0.379281
-0.667244,0
-0.71269,-0.769674
-0.540818,-0.792153
-0.55245,-0.527474
0,0
0,0.674103
0,0
0.485533,0
0,-0.472615
-0.593317,-0.393118
-0.2882,0
0,-0.411854
-0.814256,0
-0.716223,-0.566662
-0.526214,0
-0.435404,-0.785349
-0.688999,-0.856699
-0.695249,0
-0.604758,0.472252
-0.417993,0.28685
-0.773722,-0.333701
0,0
-0.70755,0.31036
-0.325969,0.477572
-0.686336,-0.603653
-0.406125,-0.331313
-0.51538,-0.828279
0.492386,0
-0.518048,0
-0.691864,-0.702735
0,0
-0.501696,-0.516879
-0.434758,-0.777413
-0.765863,0
0,0
0,0
-0.440407,-0.551112
-0.4944,-0.435298
-0.937088,-0.97487
0,0
-0.849275,0
-0.768265,-0.502393
-0.746078,-0.586488
-0.672488,-0.74147
0,0
-0.693004,0
-0.540069,0
-0.491285,0
-0.785269,-0.687556
-0.817193,-0.71921
-0.670073,0
-0.577729,0
0,0
-0.495871,-0.809259
-0.833326,0
-0.698104,0
-0.479401,0
0,0.567467
-0.512193,-0.384185
0,0
-0.740092,0
-0.704347,-0.627598
-0.557507,-0.560816
0,0
-0.627689,0
-0.582114,-0.746107
-0.637597,-0.596133
-0.599594,0
-0.815257,0
0,0
0,0
-0.833543,0
-0.602681,0.246546
-0.462908,-0.359976
-0.597836,0
-0.442246,0
0,0
0,0
-0.588593,0
0,0
0,0
-0.294552,0
-0.669284,0
0,0
-0.357645,0
-0.526498,-0.420437
0,0
-0.551722,0.280878
0,0
-0.946458,0
-0.625985,0.473523
-0.672435,0
-0.561662,-0.718198
-0.939687,-0.939687
0.534189,0.534189
-0.393825,0
-0.827509,0
-0.691923,-0.512949
-0.857215,-0.796152
0,0
-0.639805,0
0,0
-0.648937,0
-0.647052,-0.45653
0,0
0.732921,0
-0.861635,0
-0.567399,-0.365861
-0.733709,-0.628316
-0.790174,0
0.354971,0.517722
0,-0.553032
0,0
-0.500982,0
-0.780074,0
0,0
0,0
0,0.671759
-0.66417,0
-0.705887,0.655162
-0.637526,-0.630149
-0.620166,-0.598756
-0.553348,0
-0.793671,-0.883858
0,0
-0.854651,0
-0.494892,0
-0.610463,0
-0.595409,0
-0.830315,-0.534081
-0.862355,0
-0.603441,0.650056
-0.689878,-0.741643
-0.73977,-0.438215
-0.63644,0
-0.832365,0
-0.552886,-0.863742
-0.677106,-0.491051
-0.601882,0
-0.640684,0
-0.631267,-0.453147
-0.607917,-0.808301
-0.739895,0
-0.779908,-0.910623
0,0
-0.607604,-0.539959
0,-0.826711
-0.846022,-0.718436
-0.455732,0
-0.774629,0
-0.81299,0.643116
-0.906896,0
-0.763927,-0.672188
0,0
0,0
0,-0.752656
0.527863,0.4557
-0.506984,0.492027
-0.622093,0
-0.452986,0
-0.71284,-0.620274
-0.756636,0
-0.713174,0
-0.78256,0
-0.865105,-0.34041
-0.866454,0
0,0
0,0
-0.433259,0.33645
0,0
-0.471874,-0.344192
-0.857074,0
-0.82138,0.713813
-0.51586,0
-0.687121,0
0,0.413865
-0.755732,-0.317383
-0.641232,0
0,0
-0.766155,0
-0.605861,0
-0.684387,-0.427379
-0.69278,-0.750947
-0.799922,0
-0.772653,0.923455
0,0
-0.565313,0
-0.561648,0
-0.730481,-0.760161
-0.731208,0
-0.506332,-0.510425
-0.462624,-0.464432
-0.590413,0
0.817697,0
0,0
-0.790359,0
0,0
0,0
-0.669486,0
0,0
-0.743344,-0.566857
-0.542151,-0.59438
0,0
-0.869469,0
-0.328738,-0.387546
-0.770583,0
-0.627167,0
-0.680206,-0.655841
-0.780582,-0.687294
-0.543422,0
-0.540719,-0.826681
0,0
0,0
0,0
-0.873218,-0.263274
-0.942556,0
0,0
0,0
0,0
-0.489744,-0.495135
-0.750019,-0.713224
-0.601854,0
-0.82841,0
-0.731586,-0.877954
-0.465233,-0.745985
-0.655841,-0.526727
0,0
-0.714868,0
-0.516404,0
0,0
-0.767673,-0.583187
-0.672998,-0.562906
-0.752637,-0.255619
-0.30181,0
-0.666279,0
-0.443971,0
0,0
-0.608166,0
-0.556165,0
-0.885076,-0.72493
-0.531352,-0.545456
-0.781917,-0.600266
-0.724716,-0.695237
-0.494707,-0.641119
-0.628348,-0.691118
0,0
-0.759019,-0.754544
-0.703059,-0.60958
-0.701706,-0.671715
-0.681532,-0.728736
-0.800452,-0.92955
-0.639539,0
-0.759113,-0.741663
-0.344759,-0.351314
-0.751175,-0.529487
-0.780294,-0.82914
0,0
-0.874794,0
-0.653585,-0.542636
-0.635994,-0.568709
-0.927702,-0.927702
0,0
-0.615447,0
-0.544884,-0.313352
-0.66805,0
-0.48139,-0.331834
-0.863346,0.876417
-0.507367,-0.317514
-0.329883,0
-0.293566,0
0.322316,0
-0.687126,-0.466384
-0.626998,-0.351686
-0.539761,0
-0.672611,0
0.303622,0.704624
-0.62538,-0.688817
-0.38579,0
-0.543152,-0.562047
0,0
-0.512228,0.392514
0.392267,0
-0.638809,-0.638809
-0.699844,0.721982
-0.626957,-0.567065
0,0
0,0
-0.613396,0
-0.623161,0
-0.563833,-0.593089
-0.712737,0
-0.602276,0
-0.788392,0
-0.51953,0
-0.396522,0.56414
-0.864483,0
-0.758542,-0.372061
-0.687862,0
-0.546964,0
0,0.995007
-0.662491,0
-0.621602,0
-0.249698,0
-0.690376,-0.82246
-0.675343,0
-0.810708,0
-0.494256,0
-0.634402,-0.646335
-0.697989,-0.540326
-0.825383,-0.825383
-0.425549,-0.516121
-0.675613,0
-0.406431,0.814588
-0.404355,-0.502552
-0.436311,0
0.321658,0
0.742995,0.742995
-0.813864,-0.595019
0,0
-0.52723,-0.545153
0.324295,-0.531874
-0.851647,0
0,0
0,0
-0.666918,0
-0.624098,-0.580604
-0.548485,-0.44534
-0.880519,0
0,0
-0.569694,0
0.771863,0.5546
0,0
-0.790953,-0.711268
0,0
-0.628104,-0.451899
-0.309622,0
-0.634235,0
-0.845793,0
-0.628921,0
0,0
0.276932,0.540657
-0.647204,-0.75216
-0.668561,0
-0.463999,-0.530178
0,0
-0.488309,0
-0.764062,-0.372061
-0.394534,-0.394534
0,0
-0.876333,0
-0.704933,-0.837679
0.653618,0
0,0
-0.778427,0
0,0
-0.683437,-0.76354
-0.426423,-0.531927
-0.480905,-0.363098
-0.523782,0
0,0
0,0
-0.636673,-0.634397
-0.641149,0
-0.653203,0
0.274167,0.356423
-0.76016,0.35361
-0.606291,-0.309884
-0.730275,-0.606456
0,0.35361
-0.527454,0
-0.462257,0
-0.373534,0.426997
0.686417,0.326631
-0.754582,0.712578
-0.475056,0
-0.35791,0
0,0
0,0
-0.669035,0
-0.922641,-0.979668
-0.644105,-0.576244
-0.448265,0
-0.597966,-0.597966
0,0
-0.505024,0
-0.895993,0
-0.584169,-0.626512
-0.719655,-0.647359
-0.724781,0
0,0
-0.370907,-0.387782
-0.437946,-0.408505
0,0
0.276286,0
-0.61388,-0.491776
-0.592322,-0.615066
0,0
0,0
-0.68643,0
-0.610005,-0.37317
0.300854,-0.466064
-0.571824,0
0,0
-0.759632,-0.707163
-0.679235,-0.570575
-0.806478,0
0,0.336565
0.675716,0
-0.900861,0
-0.907725,0
-0.694413,0
0,0
0.717684,0
-0.604002,-0.786904
-0.82178,0
-0.815987,-0.622187
-0.804818,-0.777074
0.315945,0
0.343144,0.272906
-0.829196,0
0,0
-0.720587,0
0.302646,-0.334105
0.452336,-0.279252
-0.426628,-0.437789
0.465084,0
-0.607244,-0.808155
-0.464748,-0.262212
0,-0.29839
0.783357,0
0,0
0,0
-0.41687,0
0,0
-0.818576,-0.589771
-0.540736,-0.391792
-0.595129,0
0,0
-0.513747,0.678069
-0.656229,-0.746205
-0.61277,-0.659923
-0.708564,-0.819696
-0.74098,0
0,0.515279
-0.734069,0
0.23618,0.514594
-0.713542,-0.622785
-0.586467,-0.635936
-0.598256,0
-0.597787,0
-0.579738,-0.49799
-0.562115,0.340745
-0.382981,0.322174
-0.758599,-0.778671
-0.61057,-0.344077
-0.542688,0.7558
0.862451,0
-0.635718,0
0,0
0,0
-0.606105,-0.669996
-0.77511,0
-0.665421,0.291025
-0.851146,0
-0.728453,0
-0.722686,0
-0.572248,-0.478903
-0.795271,0
-0.775996,0
0,0
0,0
0,0
0.869408,-0.417197
-0.793118,0
-0.813754,-0.854015
-0.767698,0
0,0
-0.313387,0
-0.777885,-0.841605
-0.604106,0
-0.526021,0
-0.329717,-0.630216
0,0
-0.521636,0
-0.615192,0
-0.593571,-0.264876
-0.692917,0.782713
-0.722493,0
0,0.62249
-0.641545,0
-0.69566,-0.612954
-0.63362,-0.531496
-0.487815,0.70581
-0.3795,0.390437
-0.641925,0.519936
-0.593463,-0.452877
-0.671234,-0.640185
-0.593393,-0.648765
-0.583887,-0.658298
-0.6716,-0.429236
-0.603768,0
-0.821265,-0.50096
0.293848,0.381805
0,0
-0.668317,-0.668409
0.985435,0
-0.84842,0
-0.678228,0
-0.675155,0
-0.691525,-0.752566
-0.440765,0
-0.676458,-0.488738
-0.701366,-0.45641
-0.586048,0
-0.696532,-0.555167
-0.720532,0
0,0
-0.689064,0.285138
-0.890611,0
0,0
-0.771642,0
-0.728106,0
-0.504851,0
-0.463975,-0.643729
-0.761345,0
0,0
-0.59563,-0.898963
-0.693551,0
0,0
-0.723344,-0.353219
-0.760464,-0.662603
-0.705832,-0.734203
-0.542446,0
0,0
0,0
-0.715174,0.28628
0,0
-0.559157,-0.573929
-0.832195,0
0,0
-0.720599,0
-0.680312,0.748499
-0.759574,0
0,0
0,0
-0.63234,-0.695743
-0.685403,-0.524229
0,0
-0.528781,-0.782016
-0.563229,-0.265104
-0.559466,0.927644
-0.483847,0
0.459993,-0.691594
0,0
-0.839268,-0.692601
-0.682007,0
-0.447865,-0.692956
0,0
-0.721688,0
0,0.264546
0,0
-0.703636,-0.768705
0.342784,0
0,0
0,0
-0.840608,0
0,0
-0.663211,-0.784767
-0.316654,-0.601924
-0.542406,-0.479487
-0.668098,0
0,0
-0.573785,0
-0.469851,-0.446079
0.38932,0
-0.620681,-0.668755
-0.517542,-0.542943
-0.338258,0.420852
0.799293,-0.604265
-0.639262,-0.693241
-0.563747,0.29979
-0.479854,0
-0.645637,0
-0.71066,-0.568905
-0.366533,0.386905
-0.57337,0
-0.902845,0
-0.648176,-0.663961
-0.295092,0
-0.39454,-0.564514
0,0
-0.515863,-0.566123
-0.519694,0.402213
-0.663194,-0.743987
-0.595004,0
-0.675981,0
-0.442179,-0.772673
-0.613343,0
-0.673471,-0.561191
-0.622899,-0.611644
-0.645487,-0.679092
-0.570056,-0.511832
-0.772665,-0.821331
-0.390441,0
-0.822109,0
-0.819855,0
0,0
-0.744014,0
0.674097,0
-0.390901,-0.717665
-0.523137,0
0,0
-0.433677,-0.656581
0,0
-0.7382,-0.77642
0.875919,-0.405131
-0.626154,-0.390549
-0.431023,0
0,0
-0.562448,0
-0.507214,-0.292641
0,0
-0.729395,0
0,0
-0.64203,0.488172
-0.775583,0
-0.577738,0
0,-0.383732
-0.655045,-0.38248
-0.768318,0
-0.624102,0
-0.626774,-0.3623
-0.562271,0.289305
-0.682213,-0.533974
0,0
0.882571,0.723483
-0.597605,0
-0.706898,0
-0.719813,-0.663157
-0.648611,0
0,0
-0.769473,0
-0.796042,-0.431709
-0.772763,0
-0.708897,0
-0.905123,0
-0.686004,0
0,0
-0.938128,0
-0.867668,-0.867548
-0.292019,0.751861
-0.507001,0.53338
-0.780448,0
-0.750948,0
-0.550102,-0.393042
-0.827801,0
0,0
-0.416781,-0.412951
-0.603172,0
-0.566577,0
-0.733241,-0.675335
0,0
-0.820644,0
0,0
0,0
-0.755774,0
-0.951419,0
0,0
0,-0.555871
0.368161,0
-0.524499,0
0.366261,0
0.764911,0
-0.792674,0
-0.422633,0
-0.422132,-0.419286
-0.647617,-0.924895
0,0
-0.551821,0.449319
-0.567599,-0.435367
-0.595692,0.699046
0.465999,0.41148
-0.955366,-0.416188
-0.667027,-0.43194
0,0
-0.940042,-0.288375
-0.616625,-0.367716
0,0
0,0
-0.621343,0
-0.859199,0
-0.638931,-0.544012
-0.758338,0
0.801358,0
-0.634376,0.48451
-0.85369,0
-0.65765,-0.313828
0,0
-0.930588,0
-0.719887,0
-0.57709,-0.492823
0.357498,-0.396018
-0.627546,-0.957613
0,0
-0.588927,0
0.372755,0
-0.707479,-0.828845
0.510211,0.484509
-0.483684,0.529957
-0.605908,-0.615576
-0.692718,0
-0.470546,-0.333326
-0.781552,0
-0.59398,0
0.368161,0
-0.82682,0.318402
-0.482181,0
-0.628967,-0.658917
0,0
-0.784826,0
0,0.317192
-0.596682,0
-0.5857,0
-0.836935,0
-0.763889,0
-0.833808,0
-0.862663,0
-0.623662,-0.647702
-0.599722,0
-0.69721,0
-0.783459,-0.708968
-0.334849,0
0,0
0,0
-0.738903,0
0,0
-0.758348,0
0.398958,0
-0.81162,0
-0.778482,-0.883649
-0.694351,0
-0.620118,0
-0.784065,-0.783878
-0.353117,-0.365343
-0.66887,-0.460324
-0.527558,0
-0.624547,0
-0.720993,-0.806141
-0.889533,0.366885
0,0
0,0
0,0
0.873482,0
-0.625341,0
-0.558267,-0.614217
-0.508102,-0.58481
-0.688152,-0.704419
0,0
-0.34828,0
0,0
0,-0.53618
-0.650202,0
-0.364483,0.44751
-0.753728,-0.513714
-0.629277,0.243601
-0.891697,0
0,-0.521519
-0.302409,0.416556
-0.661735,0.307332
-0.685588,-0.783391
0,0
0,0.708516
-0.836937,0
-0.520583,0
0.326086,0.687889
-0.742859,-0.682175
-0.780147,0
-0.758523,0
-0.687823,0
0,0
-0.392181,0
-0.785391,-0.560653
-0.431477,0
0,0.439628
-0.798797,0
-0.687894,0
-0.766189,-0.705181
0.394583,0
-0.691511,0
-0.513427,-0.618294
0,0
-0.466164,0
-0.584049,-0.739023
-0.5555,0.317676
-0.721581,0
-0.584991,-0.563497
-0.746136,0
0.297035,0
0,0.269503
-0.55949,0
-0.735438,0
0,0
-0.437441,0
0,0
-0.842786,-0.588559
0,0
0,-0.739308
0,0
-0.717216,0
0,0
-0.673208,0
-0.532412,-0.358798
0,0
-0.467758,0
-0.585674,-0.525176
0.392585,0
-0.784772,-0.851249
-0.76916,0
0,0
-0.826906,0
-0.672626,-0.547096
-0.781089,-0.896995
-0.72202,0
0,0
-0.485808,-0.360146
-0.467833,0
0.433916,-0.444523
0,-0.5338
-0.627562,0.411432
-0.384171,0.53174
-0.606396,0
-0.693436,-0.485053
-0.705235,-0.535513
0,0
-0.644589,-0.809884
-0.623956,0
-0.824792,-0.777305
-0.719168,0
-0.613571,-0.615523
-0.563579,-0.352817
-0.492223,-0.311178
0,0
-0.569552,0
0,0
0,-0.601662
-0.934597,0
0,0
-0.636256,-0.372546
-0.544191,-0.305674
-0.788475,0
-0.61389,0
-0.59711,0
0,0
-0.815007,-0.475493
-0.747311,-0.863186
0,-0.651436
-0.780958,0
0,0
0,0.492731
-0.743929,-0.863188
-0.313477,0
-0.548538,0
-0.776862,-0.785903
0,0
-0.671532,0.344951
0,0
0,0
-0.512004,0.392282
-0.562088,0
-0.661485,-0.713266
0,0
-0.938673,0
-0.709585,-0.618021
-0.682217,-0.785119
-0.76341,0
0.358963,-0.23682
0,0
-0.496074,0.507532
-0.712523,0
-0.605545,0
-0.781022,0
-0.462952,-0.629729
-0.600438,-0.871466
-0.815775,0
0,0
-0.533978,0
-0.699959,-0.568258
-0.42396,-0.303834
-0.490383,-0.419422
-0.636142,0
-0.668845,-0.519835
-0.558754,0
-0.816481,0
0,0
-0.603732,0
-0.634535,-0.728511
-0.619154,0
0.4138,0.410168
-0.792012,0
-0.695858,0
0.417773,-0.62354
-0.608553,-0.835202
-0.788063,0
0,0
-0.605001,-0.418277
-0.465278,0
-0.752207,-0.700387
-0.616345,0
0,-0.285091
-0.733807,-0.377139
-0.801536,0
-0.712106,0
0.303398,-0.396413
-0.741083,-0.777549
-0.756245,0
-0.552489,0.402594
-0.636586,-0.771838
0.496379,0.489462
-0.389178,0.370591
-0.428465,0.360315
-0.288599,0
-0.670217,0
-0.702859,0
0.381448,0.370842
0.255445,0.434172
-0.505734,-0.706055
-0.764732,0
-0.692702,0
-0.498626,0
-0.722516,-0.650784
-0.65222,0
-0.722526,0.68262
-0.476935,0
-0.501276,0
-0.764673,-0.850482
-0.496876,-0.561546
-0.764233,0
-0.729169,0
0.238922,0
-0.666939,0
-0.745557,0
-0.68168,-0.761789
-0.727515,-0.647784
-0.811123,0
-0.344804,0
0,0
-0.610867,0
-0.836482,0
-0.713574,-0.269256
-0.347293,0
-0.591975,0
-0.607225,0
-0.558085,-0.863448
-0.596918,-0.867221
-0.766809,0
-0.712777,-0.672981
-0.823348,-0.847381
-0.653444,0
-0.750904,0
0.238632,0
-0.751014,0
0.410503,-0.32162
0,0
-0.479973,0.697152
-0.578456,0
-0.691693,-0.480662
-0.767757,0
-0.682987,0
-0.456789,0
-0.417608,0
-0.377635,-0.434967
-0.69851,0
-0.703961,0
-0.808999,-0.568216
-0.820098,-0.685866
-0.853365,0
-0.775946,-0.747588
-0.726952,0
0.304365,0
0,0.739342
-0.474391,0
-0.853718,0
-0.637605,0
-0.671992,0.60911
-0.634328,0
0,0
0,0
-0.678304,-0.650858
-0.408133,0
-0.723482,-0.608573
-0.618329,0
-0.711602,-0.461996
-0.714439,0
-0.578371,0.594356
-0.475197,0
-0.683691,0
-0.795317,0
0,0
0.585275,0
0.311603,0.887752
0,0
-0.70905,0
0,0
0,0
-0.554957,0
-0.721683,0
-0.56711,0.326208
-0.684179,0
0,0
0,0
0,0.850329
-0.598297,0
-0.645771,0
-0.824907,-0.810444
-0.372656,0
-0.680739,0
-0.427407,0
-0.587562,-0.377218
-0.712195,-0.700114
-0.631822,0
-0.305974,-0.318759
-0.95553,0
0,0
-0.636814,-0.806134
0.233175,0
-0.472363,0.702124
-0.663787,0
-0.674772,-0.902575
-0.655915,-0.610681
-0.628016,0
-0.695443,0
-0.506185,0
-0.29033,0
-0.794793,-0.717595
0,0
0,0
-0.846494,-0.705667
-0.341322,-0.499767
-0.81374,0
-0.906883,0
-0.908621,0
-0.515318,0
0,0
-0.795521,-0.916259
-0.671219,-0.863549
-0.75975,-0.687024
-0.669922,0
-0.740709,0
-0.85322,0.368385
0,0
0,0.293601
0.408185,0
0,0
-0.817047,-0.728836
-0.788033,0
0,0
0,0
0,0
-0.686125,-0.829835
-0.37461,0
-0.455033,0.379894
-0.680556,0
0,0
-0.895203,0
-0.79946,0.406104
0.572508,0
-0.633302,-0.659245
-0.823789,-0.784
-0.63305,-0.682776
-0.669805,-0.556357
-0.826806,0
0,0
-0.423827,0
-0.701082,-0.739183
-0.591718,0
-0.510248,0.452044
-0.79979,0
-0.698993,0
-0.597076,-0.732354
-0.462863,0
-0.697704,-0.681886
-0.34821,0.490439
0,0
-0.738301,0
-0.453849,0
0.5462,0
-0.406476,0
-0.605571,-0.845524
0,0.952215
0,0.417492
0,0
-0.8512,0
0.274653,0
-0.859745,0
-0.708603,0
-0.662581,0
-0.64068,0
0,0
-0.479451,-0.821227
-0.507674,0
-0.546816,-0.834288
-0.77289,0.576334
0,0
-0.621487,-0.793272
-0.59435,0
0,0.386333
-0.75864,0
-0.631695,0.742406
-0.600974,0
-0.841403,0
0,0
-0.789447,0
0.564521,0.636868
-0.461763,0
-0.485465,0.223191
-0.517297,0
-0.684546,0
0,0
-0.599174,-0.665679
-0.768521,0
-0.6811,-0.767686
-0.510865,-0.604423
-0.869684,0
0.424621,0.343959
-0.8126,0
0.463521,-0.339907
0.635578,-0.503881
0.319862,-0.439715
-0.596712,-0.788191
-0.574276,0
-0.788532,0
-0.518555,0
-0.690844,0
0,0
-0.805473,-0.713738
-0.820365,0
-0.559647,0
0,0
-0.362773,0.317887
0,-0.418389
-0.326203,0
-0.654628,0.651831
-0.576527,0
-0.35578,0
-0.525819,0
-0.567921,0
0,0
0.288151,-0.526954
-0.719835,-0.562098
-0.607445,0
-0.763133,0
0,0
0,0
-0.62862,0
-0.657392,-0.609015
-0.896864,0
-0.481,-0.332485
-0.704136,-0.420686
-0.404616,0.340625
0,0
-0.831479,0
-0.489343,0
0.273888,0
-0.799068,-0.65941
-0.496958,-0.398423
-0.680443,0
-0.296005,0.605896
-0.336834,0
-0.546125,0
0,0
-0.692089,-0.759097
-0.502647,0.431496
-0.472897,0
-0.924641,0
-0.603413,0
-0.637937,-0.811355
0,0
-0.711042,0
0,0
0,0
-0.404109,0
-0.41447,0
0.50935,-0.335792
-0.397497,0
0,0
0,0
-0.603338,-0.759388
-0.689094,-0.904488
-0.435387,-0.497217
0,0
-0.716133,0
0,0
-0.699761,0
-0.749325,0
0,0
0,0
-0.310229,0.395437
-0.508387,0
-0.259994,0.621354
-0.57347,0
-0.668663,0
0.281521,-0.579105
0.913915,0
-0.781055,0
-0.753178,0
-0.60327,-0.629748
-0.396057,0
-0.749993,0
-0.582462,-0.661804
-0.305744,0
-0.904939,0
-0.471467,0.893417
-0.786072,-0.394425
0,0
-0.824568,-0.6733
-0.553485,-0.696077
-0.71821,0
-0.774274,-0.781739
0,0
0.28227,0
0.75077,-0.298664
-0.487774,0
0.311206,-0.950696
0,0.374001
-0.684742,0
-0.773122,-0.949598
0,-0.708389
-0.583426,-0.943445
-0.622011,-0.714216
-0.683576,0
-0.660831,-0.6977
-0.72092,0
0,0
-0.410202,-0.370709
-0.700982,0
0,0.610575
-0.722264,-0.636448
-0.756412,-0.696111
0.280352,0
-0.293754,0
0.441207,0.53114
-0.475727,0.571618
0,-0.833313
-0.525671,-0.670786
-0.594902,0
-0.964901,-0.983976
0.267734,0
-0.628406,-0.851081
-0.916311,0
-0.709493,-0.64322
0,0
-0.762583,-0.580488
-0.477839,0
-0.696363,-0.544916
-0.636061,0
-0.767703,-0.915081
-0.4657,-0.807908
-0.755377,-0.74482
-0.549472,-0.830978
-0.70866,-0.750351
-0.774308,0
-0.770381,-0.672527
-0.71489,0
-0.516533,-0.264274
-0.374973,0
-0.78737,-0.800713
-0.576023,0
-0.668674,0
-0.720106,-0.651184
-0.540858,0
-0.482608,-0.474634
-0.385029,0
-0.743445,-0.668053
-0.451147,0.529424
0,0
-0.622626,0.623919
0,0
-0.459997,-0.652948
-0.690027,0
0,0
-0.818637,0
-0.780517,0
-0.6855,0
-0.628793,0
-0.788655,0
-0.849391,0
-0.780276,-0.748968
-0.785937,0
0,0.685685
0,0
0.381528,0
-0.624291,0
-0.78742,0
-0.555068,-0.399097
0,0
0,0
0,0
0.468783,0
-0.724476,-0.749476
0,0.286152
-0.372057,0.376246
-0.569803,0
-0.667781,-0.906167
-0.620385,0
-0.674071,-0.637546
-0.779848,0
-0.350882,0
-0.749857,0
-0.573917,0
-0.756066,-0.537123
-0.563483,0
-0.683143,0
-0.379025,0
-0.797308,0
-0.745294,0.681262
-0.64235,0
-0.559423,0
-0.491676,0
-0.744796,-0.597639
-0.839957,0
0,0
-0.48168,0
-0.634548,-0.66161
-0.629012,0.513924
0,0
-0.386723,0
-0.682575,0
0.473913,0
0,0
-0.850545,-0.727929
-0.763982,-0.467674
-0.592229,0
-0.654671,0
-0.52157,0
-0.772692,0
-0.281598,-0.296145
-0.612472,0
-0.388205,-0.314508
-0.529931,-0.39632
-0.745727,0
-0.492952,0
0,-0.736341
-0.617883,0
0,-0.64239
-0.51103,0
-0.819666,-0.486562
-0.405107,0.640537
-0.743253,-0.380421
0,0
-0.778727,0
-0.508564,-0.554311
0.681324,0.789949
-0.491573,-0.491573
-0.577449,0
-0.51091,0
-0.99516,-0.99516
-0.988015,-0.704536
0,0
0.291361,0
-0.693903,0
-0.691613,0
-0.610905,0
-0.560423,0
-0.72177,0
-0.711457,-0.467674
0.743522,0.46398
0,0.379907
-0.6788,-0.892325
-0.735068,-0.543954
-0.521727,0
-0.790966,0
0.673103,0.36036
0,0
-0.752382,-0.876138
-0.47198,0
-0.568704,-0.251913
0.395345,0.509944
-0.716238,0
-0.467555,0.319776
-0.730831,0
0,0
-0.74311,0
-0.832222,0
-0.477127,0
-0.649501,-0.68277
0.756368,0.528032
-0.601064,0
0,0
0,0.340743
-0.562122,0
-0.768374,0
-0.719336,0
-0.620295,-0.656532
-0.734665,0
-0.621895,0
-0.72633,0
-0.584171,0.33911
-0.317433,0
-0.296041,-0.430896
-0.629447,0.367872
-0.562232,0
-0.667719,0
-0.743101,0
-0.564825,-0.650657
-0.770574,0
-0.65416,0
-0.339045,0
-0.566581,0
0.675505,0.522662
-0.694325,0
0.338604,0.256541
-0.563826,0
0,0
-0.68008,-0.732835
0,0
-0.791148,0
-0.778976,0
-0.722552,0
-0.708157,0
-0.815087,0
0.360998,-0.377744
0.384412,-0.34626
-0.608359,0.560997
0.650046,0.328237
-0.639894,-0.892415
0.536901,0.642515
0,-0.384849
-0.305878,0.345337
0,0.84087
-0.442375,-0.330541
0,0.245238
-0.64693,0
-0.627167,0
-0.302613,0
0.477811,0.322879
-0.589374,0
-0.688287,0
-0.757672,0
-0.249864,-0.669634
0,0
-0.690562,0.672579
0,0.462835
-0.72976,0
0,0
-0.582132,0
-0.503246,-0.4352
0,0
0,0
0.25387,-0.334351
0.552158,0
0,0.301651
0,0
0,0
0,0
-0.584861,0
-0.558,-0.623439
-0.481489,0.524879
-0.646711,0
0,0
-0.628963,0
-0.501094,0
0,-0.735459
-0.713527,0
-0.427587,0
0.44962,-0.81002
-0.710036,0
-0.381008,-0.566159
-0.766164,-0.669644
-0.444926,-0.297869
0,-0.716745
0,0
0,0
0,0
0,0
0,0
-0.426117,0
-0.522843,0
-0.6482,0
0,0
0,0
0,0
-0.832448,0
0,0
-0.707216,-0.740971
0,0
0,0
-0.504899,0.504079
-0.760293,0
0,0
0.340592,0
-0.614046,-0.747506
-0.490126,0
0,0.603577
-0.701856,0
0.405662,0.422806
0,0
0.319053,0.321507
0.529479,0.328674
-0.655085,0
-0.462064,0
-0.612798,0
0,0
-0.55406,0.810887
-0.455085,0
-0.680207,-0.672953
0.40477,0.392513
0,0
-0.527646,0
-0.843766,0
0,0
-0.763165,0
-0.667084,-0.748233
0,0
0.28976,0.406096
-0.656994,-0.848465
0,0.480976
-0.617709,0.373512
0,0.510041
0.363127,0
0.544616,-0.268467
-0.507284,0.476713
-0.636469,0.279844
0,0
-0.44206,-0.30179
-0.492674,-0.492674
0,0
0,0
0,-0.562502
0.394925,0
0,0.336351
-0.809218,0
0,0
-0.570557,0.36114
0.520558,-0.468617
0,0
-0.72632,0
0,0
-0.814255,-0.782854
0.706273,0
-0.734112,-0.638981
0,0
0.597301,0.260401
-0.748368,0
-0.74374,-0.417584
0,0
0,0.262965
-0.669836,-0.739211
-0.655273,-0.680307
0.399906,0.349003
-0.273172,-0.485996
0,0.580034
-0.32814,-0.683453
-0.73635,0
0,0
0,0
0,0
0,0
0,0
-0.539915,0.560875
0.267301,-0.288173
0,-0.413809
-0.589047,-0.437787
0.432712,0.439835
0.257206,0.271631
-0.692673,0.477161
-0.658061,0.610254
-0.801754,0
-0.568223,0
0,0
0,-0.488301
-0.694374,0.264615
0.412869,0
-0.435998,0.966959
0.355459,0
0.757172,-0.527834
-0.744629,0
-0.808171,0.433862
0,-0.649476
0,-0.714112
-0.633867,-0.61542
-0.710345,-0.699037
-0.728941,0.399185
0,0.495519
0,0
-0.427106,-0.490202
0,0.936664
0,0.533995
-0.458972,-0.504477
-0.826517,-0.646391
-0.891873,0.268264
0,0
0,0.433746
0,-0.631888
0,0
-0.838258,0
-0.909371,0
0,0
-0.463719,-0.327909
0,-0.850522
0,0.372566
0,0.262706
0.594544,0
-0.56472,-0.670977
-0.800857,-0.673211
0,0
-0.632177,0.254202
0.594544,0
0,0
-0.966194,0
-0.327342,-0.422037
-0.652111,-0.510409
-0.892102,-0.645456
0.564525,0
0,0
-0.697043,0
-0.501663,0
0,0
0,-0.30128
0,-0.455052
0,0
0,0
-0.589689,-0.584266
0,0.270567
-0.780832,0
0,-0.36306
0,-0.243434
-0.309647,0.44421
0,-0.363632
0.416478,0.70145
-0.563112,0.361564
-0.814943,0
-0.718378,-0.257955
0,0.358571
0,0
-0.609136,0
0,0
0,0
0,0
0,0
-0.652697,-0.945619
-0.430105,0
0,0
-0.642171,0
-0.355255,0
0.323293,0
-0.464244,0.43848
0,-0.571182
-0.617417,-0.304301
0,0.341072
0,0
-0.635594,-0.510722
0.847256,-0.481925
0,0.655758
0.334409,0.626655
-0.490548,-0.533052
-0.800323,-0.654487
0.317843,0.431541
0.369982,-0.316132
0,0.423288
0,-0.486257
0,0
-0.61857,0.614044
-0.589608,0.395221
0,0
-0.339222,-0.373916
0,0
-0.510227,0
-0.596147,0
-0.294774,0
-0.419098,0
0,-0.547489
0,-0.306083
-0.799637,0
-0.362906,0.558804
-0.453562,-0.596536
-0.669739,-0.523324
-0.675965,0.499669
-0.760368,0
0.513919,0
-0.67706,0
-0.843378,0
-0.384046,-0.815486
-0.688137,0
0,0
0,0
0,0
-0.454178,0
0.26623,0
-0.578531,0
0.357398,0
-0.760521,0
0.277151,0
0,-0.280574
0,0
0.410958,-0.671985
0,0
-0.538605,0.72927
-0.433594,0
0,0
-0.855893,0
0,0.764748
-0.46695,0
0,-0.454983
0,-0.617162
-0.64195,-0.451248
0,-0.436921
0,0
-0.500095,0
0,0
0,0
-0.737185,0
-0.442204,-0.626995
-0.500254,0
0.67858,-0.306472
0.29011,0
-0.842241,0
-0.589105,0
-0.621225,-0.541967
-0.653431,0
-0.622374,0
0,-0.328778
0,0
0,0.703828
-0.714933,0
-0.603407,0
0.426486,0
0,0
-0.683563,0
-0.323221,0
-0.667972,0
-0.625458,0
0,-0.925715
-0.799757,0.269246
0,0
0,-0.7722
-0.841477,0
-0.490085,-0.587089
0,0
0,0
0,-0.384464
0,0
0,0
0.306748,0
0,0
-0.452854,0
-0.521728,0
-0.966621,0
0,0
0,0.864219
0,0.656019
-0.650637,0
-0.536952,0
0,0
0,0.311499
0,0
-0.559968,0
0,0
0,0
-0.624164,0
-0.799881,0
0,0.363847
-0.386515,0
-0.816173,-0.850545
-0.887414,0
-0.542821,-0.793986
-0.798742,0.353246
-0.542775,0
0,-0.375418
0.279351,0
-0.320613,-0.791259
-0.285404,-0.479578
-0.659941,-0.656379
0,0
0,0
-0.8341,0
0,0
0,0
-0.514412,-0.409278
0,0
0.984324,0
-0.919592,0
-0.991734,0
0,0
0,0
-0.305736,0
0,0
-0.569055,0
0,0
0,0
-0.632092,0
0.534923,0
0,0.592088
-0.74496,0
0,0
0.605929,-0.728045
-0.485888,0.312982
0.690213,-0.426583
-0.499279,-0.798511
0.749604,0
0.385324,0
-0.669928,0
0,0
-0.430716,-0.489911
-0.823589,0
0,0
0,0
-0.754036,0
-0.778517,0
-0.785511,0
-0.363162,-0.452776
0,0
-0.536611,0
-0.486962,0
-0.345547,0.252315
0,-0.56754
0,0
-0.295369,-0.795679
0.898993,0
0,0
-0.362825,0
-0.437016,0
-0.756373,0
0,0
0,-0.707762
0.288301,0
-0.474276,0
-0.443076,-0.591487
-0.79554,0
0.267172,0.323
-0.955134,0
-0.633008,0
-0.469629,-0.805363
-0.593781,-0.604161
-0.482361,0
-0.737541,0
0.502705,0
-0.710109,-0.621613
-0.806912,-0.616727
-0.842787,0
-0.708207,0
-0.515839,0
-0.738132,0
-0.636957,0
0.438771,0
0,0
-0.78029,0
-0.563767,-0.832301
-0.820232,0
0,0
0,0
0,0
-0.750155,0
-0.41051,0.370889
0,0.445196
-0.355295,-0.410604
-0.636695,0
0,0
0.456239,0
0,0
-0.559275,-0.731936
-0.680043,0
0,0
0,-0.335818
-0.353113,-0.271904
0,-0.701114
-0.256826,-0.551345
-0.54656,0
-0.850545,-0.872627
-0.633842,0
-0.48314,0
0,0
0.554451,0.554451
-0.870972,0
-0.574803,-0.412669
-0.818744,0
-0.472962,0
-0.809832,-0.49702
0.400261,-0.421483
0.78863,-0.627848
-0.442749,0
0,0
-0.492401,0
-0.773328,0
0,0
-0.882772,0
0,0
-0.548443,-0.62912
-0.711583,0
-0.532532,0
0.337738,-0.286656
-0.567676,-0.32371
0,0
-0.758458,-0.511849
0,0.25693
0,0.847401
-0.416508,-0.654346
-0.523339,0
-0.683373,0
-0.669423,0.395927
-0.825709,0
0.861599,0
-0.677833,-0.585572
-0.678015,0
-0.65612,0
-0.625546,0
-0.34763,-0.325452
-0.484633,0
0,0
0,0
-0.29747,0
-0.903354,-0.672262
0.427224,0
-0.682361,0
-0.670876,-0.835114
-0.532993,0
-0.663904,0
0.368822,-0.596073
-0.688672,-0.289856
-0.333775,-0.729482
-0.723502,0
0,0
-0.723305,0
0.437295,0
0,-0.573418
-0.670524,-0.801551
-0.67487,-0.32168
-0.60108,0
-0.766891,0
-0.418656,0
-0.610252,0
-0.644979,-0.482747
-0.713445,-0.74664
-0.732243,0
0,0
-0.56859,0.792366
-0.664522,-0.873716
-0.477628,0.523742
-0.504299,-0.783557
-0.741441,0
-0.768348,0.580574
-0.34446,0.437832
-0.593907,0
-0.630954,0
-0.670221,0
-0.536467,-0.504278
-0.72346,-0.770779
-0.616493,-0.50446
0,0.773634
-0.336591,0
-0.415887,0
-0.600031,0
-0.625163,-0.562098
-0.74876,0
-0.46035,0
-0.766007,0
-0.931504,0
-0.618806,0
0,0
-0.743084,-0.685719
0.482952,-0.282055
0.305834,-0.299236
-0.505588,0
-0.556482,-0.607145
-0.800983,0
-0.655485,-0.683629
0,0.472769
-0.69925,0
-0.35599,0
-0.533513,0
0.435562,0
-0.859145,0
0.326405,0
-0.617204,-0.586156
-0.333607,0
0,-0.79656
0,0
-0.718658,0
-0.491985,0
-0.791671,0
-0.651023,0
-0.431422,-0.961851
-0.839966,0
-0.570721,0.614797
-0.427981,0
-0.31182,0
-0.696691,-0.85639
-0.754038,0
-0.671583,-0.884467
-0.790763,0
-0.589375,-0.589375
-0.899963,-0.840988
-0.367152,0.490322
0,-0.890314
-0.733225,0
-0.719877,0
-0.624466,0
-0.599548,0
-0.691744,-0.618516
-0.515526,0
-0.502421,0
-0.869177,0
-0.826749,0
0,0
-0.298555,0
0,0
-0.677768,0.61306
-0.710006,0
-0.344232,0
-0.698038,-0.855749
-0.639685,-0.683373
-0.491438,-0.391395
-0.473078,0
-0.568962,-0.368472
-0.835447,0.732921
-0.67073,-0.684141
-0.795451,0
-0.644038,0
-0.837126,0
0,0
0,0
-0.903745,0
-0.413913,0.73625
0,0
-0.5962,-0.327804
0,0
-0.635204,-0.602098
-0.644141,0
-0.308943,0
-0.683775,0
-0.69506,0
-0.584832,0
-0.620806,-0.65389
0,0
-0.540574,-0.27806
0.406971,-0.535638
-0.559644,0
-0.756718,0
-0.756194,0
0,0
0,0
0,0
0,0
-0.354922,0
0,0
0.674749,0
0.74473,0
-0.613199,0
0,0
-0.611536,-0.814504
0,0
-0.519432,-0.387874
-0.687329,0
-0.431866,0
-0.750923,0
-0.458118,0
-0.683328,0
-0.668511,-0.667802
0,0
0,0
-0.640134,0
0,0
-0.485474,0
0,0
-0.698678,0.299942
0,0
0.97419,0
-0.791374,0
-0.433286,0
-0.724259,0
-0.750833,0
-0.98352,0
-0.670001,0
0,0
-0.727458,0
-0.821866,0
0,-0.902968
-0.377153,0
-0.46649,0
-0.291725,-0.451756
-0.884168,0.372173
-0.682676,0.29545
-0.570351,0
-0.636192,0.288585
-0.695232,0
-0.38758,0
-0.475495,0
0.529159,0.571502
-0.778418,0
-0.653014,-0.552956
0,-0.544192
0,0
-0.484312,0.640642
-0.6894,0
-0.74489,0
-0.546696,0
-0.726533,0
-0.537416,-0.640336
-0.490412,0
-0.660436,0
0.450887,0.441013
-0.669066,0
-0.55956,0
-0.392382,0.43338
-0.622837,0
-0.607051,0
-0.689732,-0.862692
-0.744234,-0.584383
-0.472361,-0.599567
-0.391092,0
-0.508614,0
-0.62569,0
-0.556632,0
-0.658541,0
-0.717103,0
-0.556559,0
-0.54786,-0.255626
-0.748116,0
-0.784248,0
-0.628684,0
-0.649403,0
-0.48117,0
-0.593331,0
0,0
-0.643097,-0.837362
0,0
0,0.845581
0,0
-0.439415,-0.767763
-0.39096,0
-0.501481,0
-0.697139,0
0.697407,0
0,0.716809
-0.540966,0
0,0
-0.708905,0
-0.411988,0.279062
-0.534559,0
-0.677766,-0.607115
-0.475524,0
-0.454416,0
-0.73257,-0.742605
-0.787149,0
-0.57927,-0.684219
-0.568238,-0.516455
-0.828326,-0.94047
0,0
-0.545127,0
-0.735619,0
-0.847437,0
-0.607289,0
-0.400699,0.616365
-0.879658,0
-0.685011,-0.656474
-0.70062,0
-0.665098,0
-0.605591,-0.549109
-0.314602,0
-0.770655,0
-0.611445,0
-0.50859,0
-0.739533,-0.617994
-0.364375,0
-0.711405,0
-0.674636,0
0,0
-0.707321,-0.720209
-0.655571,0
-0.553613,0
-0.497466,0
-0.663515,0
-0.429302,0
-0.688193,-0.698401
0,0
-0.599341,0
-0.711879,0.2996
-0.733357,0
-0.788765,0
0.35055,-0.267174
-0.372074,0
-0.75403,-0.881447
-0.454189,0
-0.702316,0
0,0
-0.711512,0
-0.681998,0
0,0
-0.472573,-0.907145
0,0
0,0
0,0
0.276973,0
0,0
-0.71408,0
-0.259238,-0.452615
-0.763315,-0.763315
-0.630919,-0.642811
-0.370092,0
-0.54416,-0.505837
0.750801,0.302396
-0.732258,0
-0.691411,0
-0.833557,0
-0.63196,0
-0.289998,-0.615534
-0.443231,0
-0.771801,-0.720923
-0.615049,0.638618
-0.704846,0
-0.692112,0
0,0
-0.704906,0
-0.819017,-0.822698
-0.720229,-0.753926
-0.636414,0
-0.669619,0
-0.701043,0
-0.649147,-0.480389
0,0
-0.722993,0
-0.651589,-0.79116
-0.755849,0
-0.40165,0
-0.691282,-0.662178
-0.623811,0
-0.560912,-0.601056
-0.696645,0
-0.539207,0
0,0.426001
-0.688028,-0.695652
0,0
-0.577224,-0.90268
-0.499996,0
0,0
-0.576645,-0.75573
0,0
-0.543188,0
-0.620298,0
-0.608104,0
-0.635456,-0.673155
-0.547185,-0.633854
-0.735295,0
-0.621182,0
-0.82865,-0.903894
-0.514179,-0.517135
-0.518496,0
-0.652806,-0.261522
-0.751933,0
0.346234,0.357708
-0.68561,0.676718
0,0
-0.730222,0
0,0
-0.672477,-0.63551
-0.601489,-0.590363
-0.587929,-0.531549
-0.464865,0
-0.655381,0
-0.439692,0.702503
0,0
-0.640801,0
-0.495141,0
-0.458373,-0.460244
-0.607118,0
-0.660709,-0.520439
-0.373945,0
0,0
-0.748882,0
0,-0.37377
-0.829093,0
0,-0.623447
-0.673947,0
-0.479229,0
-0.616045,-0.753263
-0.527087,0
-0.723349,-0.430156
-0.507205,0.689939
-0.619868,-0.712034
-0.674369,-0.436501
-0.976444,-0.388867
-0.559765,-0.444422
0,0
-0.6683,0
0.947238,0.301919
-0.669173,-0.568351
-0.667283,-0.665276
-0.762235,0
-0.514388,-0.401008
0,0
-0.302382,0
0.692893,0
-0.633955,-0.401003
-0.649699,0
-0.75791,-0.668954
-0.619775,-0.33931
-0.589253,-0.589117
-0.630332,0
0,0
-0.284855,0
-0.798301,0
-0.704006,-0.682227
-0.795026,0
-0.698382,-0.781275
0,0
0,0
-0.580966,-0.468093
0.760131,0
-0.660588,-0.64499
-0.631269,-0.494828
-0.683925,0
0,0
-0.715504,0
-0.767859,-0.566414
-0.559687,-0.587941
-0.726512,-0.547363
-0.684648,0
0,0
-0.726478,0
-0.492842,0
-0.688965,0
-0.661597,0
-0.489781,0
-0.709386,0
-0.37379,0
0,0.874144
-0.708681,-0.539589
-0.596696,0
-0.619687,-0.64293
-0.384823,-0.536847
-0.354308,0
0,0
0,0
-0.759423,0
-0.61192,0
-0.706753,0
-0.502582,0
-0.775381,0.384204
-0.374256,0
-0.610908,0
-0.817533,0
-0.553232,0.403008
-0.329068,-0.591969
-0.662118,0
-0.595402,0
-0.582658,-0.597897
-0.755102,-0.328291
-0.595405,-0.689412
-0.520755,0
-0.715293,0
-0.807393,-0.740663
-0.377501,0.483475
-0.625013,-0.729824
0.718105,-0.417415
-0.429382,0
-0.773499,0
-0.804975,0
-0.557432,0
-0.699937,-0.927568
-0.65104,-0.664047
0.361175,0
-0.764576,0
-0.610318,0.685087
-0.621616,-0.461325
-0.789512,0
0,0
-0.260637,0
-0.457379,0
-0.499083,0
-0.801509,0
0.368776,0
0.312572,0
-0.501466,0
-0.403385,0
-0.698515,0
-0.494079,-0.566075
-0.642732,-0.363516
-0.632057,0
-0.604922,0
-0.597721,0
0,0
-0.565573,-0.709055
-0.433881,0
0,0
0,0
-0.50464,0
-0.632154,-0.408586
0.336893,-0.856531
-0.844094,0
0,0
-0.836672,0
-0.814671,-0.740207
-0.736173,-0.502077
-0.662421,-0.446641
0,0
-0.570654,0
-0.790766,0
0,0
0,0
-0.705951,-0.658776
-0.907857,0
0,0.637592
-0.688426,0
-0.634458,0
-0.581273,-0.493094
0,0
-0.666675,0.717218
-0.737731,0
0,0
-0.751474,-0.407062
0.681623,0
-0.581678,0
-0.671468,-0.71541
-0.535839,0
-0.809277,0
0.987608,0
0,0
-0.7618,-0.800508
-0.631407,-0.792498
-0.344405,0.731313
-0.675017,0
-0.652609,0
-0.609009,0
-0.732072,0
0,0
-0.738742,0
-0.556641,-0.790411
-0.698425,-0.790522
-0.720181,0
-0.601,0
-0.62782,0
-0.684151,0.751875
0,0
-0.420186,0
-0.610249,0
-0.688452,0
0,0
-0.395946,-0.55035
-0.318067,-0.370881
0,0
-0.724419,0
-0.596027,0
-0.574206,0
-0.579956,-0.655015
-0.24206,0
-0.686476,0
-0.710992,0
-0.835694,0
-0.591715,-0.75955
-0.956019,0
-0.73484,0
0,0.32421
-0.678788,0
-0.466195,0
-0.528753,0
0.383151,-0.375406
-0.719765,-0.778734
-0.56566,-0.391382
-0.822668,-0.700147
-0.612525,-0.592251
-0.390075,0
-0.579146,0
-0.607364,-0.562501
-0.39552,0.757993
-0.536716,0.380994
-0.724581,-0.71943
-0.731838,-0.899295
0,-0.772079
-0.688119,-0.43271
0,0
-0.499072,-0.71007
0,0
0.910156,0
-0.673837,-0.557118
0,0
-0.676744,-0.625052
-0.480002,-0.922198
0.234103,0
0,0
-0.783326,0.561495
0,0
-0.647062,0.843376
-0.653027,0
-0.795534,0
-0.422036,0
0,0
-0.620847,0
-0.730761,-0.410007
-0.71654,-0.799471
0,0
0,0
-0.773558,0
0,0.351922
-0.626014,-0.771632
-0.713592,-0.604643
-0.402618,0
-0.40914,0.320356
-0.74968,-0.725538
0,-0.913177
-0.514756,-0.387968
-0.677917,0
-0.621096,-0.523622
-0.622314,-0.782904
0,0
-0.334462,0
-0.489243,0
-0.765724,0
-0.800481,0
0,0
0.79492,0
-0.698225,0
-0.77855,0
-0.309967,0.43507
-0.693244,-0.518082
-0.347077,0
-0.651173,0
-0.456118,0
-0.672922,0
-0.75622,0
0,0
0,-0.949415
-0.791303,0
-0.718865,0
-0.73558,-0.582164
-0.668234,0
-0.438735,-0.493576
0,-0.508914
-0.545902,0
-0.694603,0
-0.72878,-0.861762
-0.80657,0.476005
-0.619005,0
-0.686603,-0.668883
-0.782624,-0.680282
-0.793604,-0.408283
-0.620683,-0.305113
-0.705336,-0.836756
-0.680179,0
-0.668453,-0.696065
-0.614566,-0.382614
-0.60054,0
-0.845272,0
-0.690766,0
-0.543151,0.409137
0,0
-0.638411,0
-0.783059,0
0,0
-0.638411,0
0,0
-0.742727,-0.670466
0,0
0,0
0,0
-0.783059,0
-0.638411,0
-0.734871,-0.603535
-0.682835,-0.548159
-0.791298,0
-0.592786,0
-0.647276,-0.57302
-0.691707,-0.839185
-0.653199,-0.700412
-0.726924,0
0,0
0,0
-0.70559,-0.72897
-0.758025,0
-0.714003,0
-0.756142,-0.569477
-0.776997,-0.776813
-0.653452,0
-0.717516,-0.746154
-0.809366,0
0,0
0,0
-0.725441,0
-0.788306,-0.716283
0.577077,0
-0.821937,0
-0.602724,-0.694894
-0.704988,-0.662871
-0.621045,-0.651773
-0.74661,0
-0.7099,0
0,0
-0.748177,0
-0.573688,0
0,0
-0.63233,0.376342
-0.77599,0
-0.693395,0
-0.642616,0
-0.295108,0
0.394822,0
0,0
-0.505841,-0.719229
-0.604774,-0.680525
-0.658752,0.366314
-0.426977,0
-0.585378,0.352741
-0.741063,0
-0.684422,-0.611788
-0.453016,0
0,0
0,0
-0.785285,-0.531751
-0.620898,-0.643074
-0.690614,-0.800275
-0.675575,-0.719867
-0.727847,-0.794071
-0.688307,-0.739077
-0.779498,0
0.63889,0
-0.678891,-0.80555
-0.772406,-0.819001
-0.720789,-0.773383
-0.538432,0
-0.638065,0
-0.805679,-0.783494
-0.722551,-0.867716
0,-0.669012
-0.720144,-0.795486
-0.621255,-0.365357
-0.667807,-0.755111
-0.848877,-0.520178
-0.444721,-0.728609
-0.708371,0
-0.68898,0
0,0
-0.823138,-0.976633
-0.574847,-0.819339
-0.789163,0
0.912772,0
-0.732426,-0.601418
-0.670348,-0.764622
-0.760406,-0.828585
-0.567731,0
0,0
-0.439527,0
-0.740456,-0.71901
-0.72311,0
-0.661788,0
-0.73301,0
-0.690363,0
-0.738918,0
0,0
0,0
-0.809137,-0.363896
0,0
-0.713381,0
0.77935,-0.75087
-0.600074,0
-0.733823,-0.453076
-0.706276,0
0,0
-0.606908,0
-0.685722,0
-0.791088,0.424192
-0.624027,0
-0.696796,-0.554464
-0.555006,-0.683427
-0.70546,-0.680832
-0.810141,0
-0.768717,-0.872325
-0.605306,-0.612546
-0.693721,-0.560853
-0.717695,0
-0.791177,-0.519088
-0.666257,0
0,0
-0.379406,-0.428947
-0.650395,0
-0.572013,-0.910942
0.455828,-0.667381
-0.655296,-0.756782
-0.57101,-0.692161
-0.312395,-0.646027
0,0
0.879187,-0.327261
-0.763308,-0.789582
-0.651469,0
-0.618377,0
0,0
-0.648884,-0.667563
-0.799105,-0.73469
-0.636732,-0.61784
-0.423191,-0.532484
-0.686649,0
-0.546102,0
-0.732409,-0.688349
0,0
-0.774356,-0.793637
-0.725484,-0.723367
-0.642634,-0.480303
-0.687207,0
-0.687438,0
-0.485223,-0.631632
-0.81722,0
-0.67168,-0.706213
-0.864054,-0.436488
-0.604751,0
-0.738754,0
-0.62041,-0.629898
-0.680995,-0.622303
-0.592639,0.401228
-0.432075,0
0,0
-0.672606,-0.635389
-0.481706,0
-0.763143,-0.744789
-0.775873,-0.479008
-0.594387,-0.722316
-0.70407,0
-0.815307,0
0,0
-0.712917,0
0,0
0,0
0,0
-0.786763,0
-0.505701,0
-0.745041,0
-0.852342,0
-0.623382,0
-0.546179,0
-0.848528,0
-0.808259,0
-0.703417,0
-0.602135,0
-0.650216,0
0,0
-0.391104,0
0,0
-0.701182,0
0,0
-0.814503,0
0.807969,0.669936
0,0
0,0
-0.510453,0
-0.561125,-0.60676
-0.608293,0
-0.633457,0
-0.715559,0
-0.410099,0
0,0
-0.678627,0
-0.546144,0
0,0
-0.549199,0
0,0
-0.500847,0
-0.71032,0
-0.413529,-0.570811
-0.854821,0
0.257853,-0.397328
0,-0.627818
0.505916,0
0,-0.611734
-0.553611,0
-0.662489,0
0,0
0,-0.931708
-0.699173,0
-0.611737,-0.56645
-0.596226,0
-0.352347,0
-0.697543,0
-0.766291,0
-0.685843,0
-0.902989,0
-0.752131,0
0,0
-0.600737,0
-0.261213,0
-0.709197,0
0,0
0.369394,0
-0.700656,0
0,0
-0.483616,0
-0.780003,0
-0.453478,-0.310648
-0.581798,0
-0.751275,0
-0.564844,0
-0.749802,0
-0.604541,0
-0.788672,0
0.255925,0
-0.596388,0
-0.287797,0
0,0
-0.665143,0
-0.624305,0
-0.633291,0
-0.854711,0.887765
-0.744999,-0.254545
-0.563094,-0.65739
-0.594008,0
0,0
-0.700739,0
-0.411026,-0.600019
-0.473913,0
0.471409,0.352866
-0.491678,0
-0.670933,-0.465834
-0.601292,0
-0.960699,0
-0.472569,0
-0.707389,0
-0.633216,0
-0.537215,0
0,0
-0.72645,-0.61541
0.234533,0
0.585572,0
-0.526906,-0.845448
-0.597964,0
0,0
0,0
-0.869685,-0.638341
0,0
0,0
-0.584937,0
-0.633714,0
-0.505695,0
-0.725027,0
-0.688266,0
-0.775156,0
0.392341,0
-0.752144,0
-0.735922,-0.331463
-0.768809,0
0.558389,0
0,-0.352264
-0.446992,0
0.296172,0
0.757487,0
-0.475731,0
0,0
-0.372015,0
-0.43624,0
-0.600107,0
0.283862,0
-0.826796,0
0.517584,0
-0.752175,-0.665517
-0.770082,0
-0.566554,0
-0.498328,0
0,0
0,0
0,0
-0.788224,0
-0.610146,0
-0.675144,0
-0.284316,-0.312505
0,0
-0.535573,0
0,0
-0.551391,0
0.449876,-0.395563
-0.380762,0
-0.551467,0
