-0.642065,-0.415535
-0.825946,-0.762265
-0.862974,-0.892425
-0.441712,-0.441712
0,0
-0.876581,-0.880974
-0.611464,0
-0.564336,0
-0.77663,-0.756575
0,0
-0.782639,-0.679691
-0.72868,-0.713955
-0.591512,0
0,0.440735
-0.528168,0
-0.448752,-0.448752
-0.855792,0
-0.826117,-0.665406
-0.727484,0
-0.411855,0
-0.741806,0
-0.90104,-0.90104
-0.828018,0
-0.945913,0
0,0
-0.791715,-0.810166
-0.941272,-0.978556
-0.433768,0
-0.384219,-0.361278
0,0
0.350828,0.350828
0,-0.760988
-0.705054,-0.574657
0,0
-0.900645,0
0.918906,0.489588
-0.630758,-0.884267
-0.85901,-0.815395
-0.721,-0.761772
-0.595604,0
-0.598233,-0.598233
-0.833872,0
-0.895214,0
0,-0.342323
0,-0.497196
0.571189,0.619474
-0.588444,-0.52321
0.739091,0.739091
0.487868,0.487868
-0.26855,-0.26855
-0.457647,0
0.853265,0.659481
0.525498,0.282079
-0.607308,-0.607308
0.562156,0.562156
0,-0.527492
-0.740408,-0.824853
0,-0.329466
0,0.973934
0,0.644419
0,0.931743
0,0
0,-0.831335
-0.772586,-0.821268
-0.712461,0.454058
-0.868772,-0.350671
0,0
-0.858486,-0.815962
-0.819935,-0.819935
-0.55762,-0.55762
0,0
-0.807611,-0.769722
-0.894891,0
0.700127,0
-0.282031,-0.355027
0,0.406615
-0.703134,0
-0.602438,-0.687202
-0.634347,-0.634347
0,0
-0.876402,-0.821853
-0.732306,-0.732306
0.690361,0.690361
0,0
-0.690155,-0.670062
0,0
-0.615515,-0.618845
0,0.342079
-0.592186,-0.592186
-0.920984,-0.920984
0,0
-0.732867,0
-0.748953,-0.721888
-0.72471,-0.706973
0,0
0,0
-0.786109,-0.779748
-0.849436,-0.807502
0,0.275582
-0.431481,-0.469742
-0.782317,-0.686236
-0.762427,-0.652891
0,-0.804263
-0.608557,-0.608557
-0.791087,0
-0.580736,0
0,0
-0.411589,0
-0.818399,-0.799608
-0.812707,-0.571494
-0.878934,0
-0.635873,0
-0.971636,-0.971636
0,-0.48687
0,0
-0.72371,-0.698573
0,-0.687347
0,0
0,0
-0.902418,-0.902418
-0.821631,-0.927638
-0.722436,-0.544934
-0.639261,-0.800289
-0.827006,-0.813761
0,0
-0.752675,-0.752675
-0.419154,-0.419154
0,0.370161
-0.487738,-0.486837
-0.244342,-0.244342
-0.244342,-0.244342
0,0
-0.740582,-0.667755
-0.612162,0
-0.320582,-0.587957
0,0
-0.447871,-0.447871
0.794827,0
0,-0.663897
0,-0.361166
-0.745241,-0.712387
-0.705013,-0.750718
-0.676006,-0.676006
0,0
0,0
0,0
0,-0.574738
-0.707402,-0.578513
0.766631,0
-0.375112,-0.566544
-0.747546,0
-0.876516,-0.876516
-0.629671,0
-0.688733,-0.688733
0,0
-0.742554,0
-0.358029,-0.3731
-0.400312,-0.572186
0,0
0,0
0,0
0,0
0.88304,0.813351
0,0
-0.323061,0
0,0
0,0
-0.728276,-0.728276
0,0
0.813092,0
0,0.323634
-0.777694,-0.804501
-0.783573,-0.738311
-0.764452,0
0,0
-0.746921,-0.746921
-0.784902,-0.770864
-0.935248,-0.71564
-0.527606,-0.527606
0,-0.677159
-0.681365,-0.69049
-0.644439,-0.644439
-0.554989,0
-0.787119,0
0,0.456682
-0.704036,-0.682288
-0.560317,-0.477179
0,-0.418061
0,0
0.738283,0.636642
0.738283,0.636642
-0.6982,-0.616202
-0.637224,-0.33892
0,0
0,0.283629
-0.259655,0.321631
0.714379,0.911299
0,0
-0.612855,-0.754442
0,0
0,0
0,0
-0.782338,-0.781199
0,0.475544
-0.710683,-0.772519
-0.39386,-0.417632
0,0.428592
-0.635018,-0.640583
0,0
0,-0.315156
0,-0.315156
0,-0.875057
0.397295,0.397295
0.684773,0.684773
-0.318591,0.907721
0,-0.77637
0.710804,0.70615
-0.882177,0
0,0
-0.762439,0
-0.527685,-0.712861
-0.671049,-0.671049
0.389502,-0.767512
-0.511181,-0.622058
0,0
-0.688733,-0.688733
0,0
-0.805201,-0.51358
-0.681365,-0.69049
0,-0.623062
0,0.648263
0,0.320165
-0.661331,-0.842365
0,0
-0.709424,-0.819
-0.64199,-0.95087
-0.886998,-0.881036
0,0
-0.796467,-0.783081
-0.691307,-0.731702
-0.36393,-0.36393
-0.837366,0
0,-0.422331
0,0
-0.756593,-0.726749
-0.775874,-0.305672
-0.829412,-0.829412
0,0.807135
-0.75334,-0.701563
0,0.599313
0,0.599313
0,-0.453857
0,0
0,-0.924674
-0.592521,-0.442135
-0.892642,-0.552754
-0.797383,-0.797383
-0.809,-0.477006
0.384311,0.622426
-0.776155,-0.721417
0,-0.687666
0,0
0,-0.62658
-0.614833,-0.524438
0,0.543578
-0.729764,-0.366635
-0.88288,-0.446274
-0.683728,-0.663623
0,-0.283976
-0.794702,-0.794702
0.322133,0.303149
0,0.275264
-0.911115,-0.926631
0.332176,0.332176
-0.747322,0
0,0
0.441604,0.441604
-0.630856,-0.383827
-0.326379,0.355847
-0.92102,-0.92102
-0.702107,-0.576124
0,0.554841
-0.911907,-0.727745
-0.671868,-0.652548
0,0.54525
0.664584,0.664584
-0.462797,0
0.650293,0.466403
-0.673719,0.262938
0.425347,0.425347
0,-0.328527
0.719364,0.912704
-0.779042,-0.460237
0,-0.568851
0,0
-0.640943,-0.625351
-0.504369,0.357089
0,0
-0.525354,-0.36226
0.896565,-0.334737
0.896565,-0.334737
-0.553449,0.29108
-0.580767,-0.580015
-0.760399,-0.844859
0,0
0,0.915817
-0.567482,-0.567482
-0.674447,-0.654003
-0.524167,-0.555067
0.385911,0.482761
0,-0.317576
-0.863694,-0.830768
0.314066,0.314066
0,-0.620994
-0.422132,-0.405325
0,0
0,0.72828
-0.689666,-0.568684
0,-0.903097
0,-0.478403
0.684938,0.637284
-0.792532,-0.695692
0,0
0.529094,0.556761
-0.427479,-0.697339
0.283532,0
0.576898,0.409709
0,0.535651
0.417554,0.696545
-0.361774,-0.310665
0.720497,0.720497
0,0
-0.684787,-0.48309
0,-0.554312
0.388405,-0.616959
0,0
-0.733913,-0.703563
-0.728474,-0.728474
-0.87218,-0.87218
-0.595604,0
-0.595604,0
-0.809,-0.477006
-0.826117,-0.665406
-0.669751,-0.578567
-0.426102,0
-0.748284,-0.693074
-0.677641,-0.535391
-0.703549,-0.659268
-0.678099,-0.501077
-0.808839,-0.601023
0,0.772748
0,0.405555
0.473984,0.545546
0,0
-0.512313,-0.371586
-0.68438,-0.562391
-0.730628,-0.603206
0.453813,0.632689
-0.797136,-0.755515
-0.503942,-0.333527
-0.645145,-0.812141
-0.736981,-0.854371
-0.738013,-0.600796
0,0.903666
0.648073,0.557574
-0.682835,-0.636016
-0.446004,0.291016
-0.707505,-0.783068
0,-0.935006
-0.859972,-0.757741
-0.878933,-0.878933
0,0.53744
-0.771809,-0.844859
-0.799418,-0.738249
-0.496926,-0.30409
0.451523,-0.296811
-0.555964,-0.555964
-0.458678,-0.458678
-0.418988,-0.327325
-0.860319,-0.85912
-0.687458,-0.451627
0,0.948097
0,0
-0.731692,-0.828096
-0.39761,0.427145
0,0
-0.601165,-0.5632
0,0.337112
-0.384872,-0.427262
-0.607822,-0.372088
-0.813233,-0.693206
0.395871,0.397724
-0.659982,-0.681349
-0.309258,0.385899
0,0.451551
0,0
0,0.588932
0,0.875238
0,0.879681
0,-0.439462
-0.351799,-0.326392
-0.351799,-0.326392
0,0
-0.837038,-0.642017
-0.937836,-0.933839
0.317457,-0.585755
0,0
-0.714646,-0.711345
-0.518859,-0.518859
-0.877354,0
0,0
0,0
-0.864203,0
-0.629799,0
0,-0.748089
-0.355207,-0.303473
-0.566211,-0.440153
0,0
-0.883951,-0.722592
-0.574261,-0.663619
-0.646,0
-0.828282,-0.828282
-0.708491,-0.699587
-0.846564,0
-0.623403,0.409148
-0.763729,0
-0.715895,-0.631047
-0.489512,-0.63217
-0.742514,0
0,-0.617622
0,-0.617622
-0.876263,-0.950746
-0.456181,-0.437579
0,-0.622807
0.324773,0.324773
-0.934482,-0.934482
0,0
-0.311567,-0.557468
-0.778549,-0.755365
-0.915176,-0.923818
-0.464853,-0.464853
-0.801019,-0.898962
-0.341876,-0.341876
-0.282679,0.317457
0.474636,0.628237
0,0
-0.818935,-0.842656
-0.659921,-0.659921
-0.657874,0
-0.636164,-0.636164
-0.615076,0
-0.824494,-0.75338
-0.661324,-0.436572
-0.603535,-0.603535
-0.745263,-0.770811
0.622682,0.622682
-0.849171,-0.915756
0,0
-0.96694,-0.604299
0,0
-0.866345,-0.866345
-0.729882,0
-0.648956,-0.565519
-0.757081,-0.840403
-0.763729,0
-0.876725,-0.841058
0,0
-0.711345,-0.762757
0.786823,0.663369
-0.939188,-0.960589
0.349273,0.327616
-0.361845,-0.279464
0,0
0,0
-0.955544,-0.955544
-0.747774,0
0,0
0.424427,0.307226
-0.731689,-0.748182
0,0
0,0
0.382592,0.499791
0,0
0,-0.573728
0.433439,0.433439
0,0
0,-0.75191
0,0.485662
0,0
-0.366966,-0.569648
-0.875527,-0.90018
-0.874305,0
0,0
0.68666,0.564264
-0.726197,0
-0.537127,-0.388204
-0.757097,-0.757097
-0.722826,-0.722826
-0.579215,-0.466998
-0.478346,-0.60969
-0.478346,-0.60969
-0.369778,-0.369778
-0.767254,-0.754624
-0.721449,0.431999
-0.80386,-0.599789
0,0
0,0
-0.822935,-0.85272
-0.762744,-0.679583
-0.431569,-0.469335
-0.806217,0
0,0.858121
0,0
-0.483861,-0.483861
0,0
-0.767542,-0.773172
0.38494,0.50812
-0.591038,-0.464004
0,-0.678695
-0.827838,0
0,0
-0.745239,-0.766253
0.306886,0.331994
0,0
0.413815,-0.443162
0,-0.325154
-0.349725,0.415084
-0.8157,0
0,0
-0.481968,-0.472631
0,0
-0.713404,0
-0.566916,0
0,-0.545587
-0.312262,0
0,0
-0.613012,-0.642794
0,-0.607596
0,-0.457336
-0.446569,-0.495736
-0.769071,0.416829
0.575108,0.275808
0,0
-0.573059,-0.654734
-0.54246,-0.512582
0,0
0,0
0,-0.499139
0,0
0,0
-0.52773,-0.52773
0,0
-0.4687,-0.573553
-0.72124,-0.749684
0,0
0,0
0,0
-0.713752,0
0,0.711923
0.747539,0.747539
0,0.711923
0.747539,0.747539
-0.516138,-0.638347
0.846611,0
-0.863693,-0.863693
-0.711341,0
-0.770205,-0.746227
0.641991,0
-0.435124,-0.610603
0,0
-0.812481,0
0,0
-0.525141,-0.638579
-0.604781,-0.695172
-0.700894,0
0,0
-0.906707,-0.954423
-0.49431,0.325567
-0.817442,0
-0.528394,-0.398997
-0.817442,0
-0.528394,-0.398997
0,0
-0.596493,-0.51698
-0.552995,0
-0.873244,0.485613
-0.873244,0.485613
0,0
0,0.676316
0,-0.503995
-0.860182,0
0,0
-0.731692,-0.828096
-0.715371,-0.717397
-0.830349,-0.599257
-0.804299,-0.804299
-0.644956,0
-0.801675,-0.638678
-0.806411,-0.978442
0,0
0,0
-0.776866,0
0.569123,0.503414
-0.767818,-0.675915
0,0
0,0
0,0
-0.460547,-0.434909
0.349442,-0.391288
-0.608739,-0.569131
-0.682512,0
-0.847456,-0.864998
-0.64423,0
0,0
-0.730232,0
-0.783036,-0.396179
-0.794672,0
0,-0.426056
0,0
-0.583534,-0.634426
-0.583534,-0.634426
-0.720672,0
-0.25001,0.288195
-0.537819,-0.338758
-0.737353,-0.501215
-0.63277,-0.828904
-0.794821,0
-0.385822,-0.547686
0.307615,0.355102
0,0
-0.704384,-0.782829
-0.490419,0.491399
-0.850099,-0.932789
0,0
-0.850504,-0.850504
-0.737097,-0.786222
0,-0.870238
0,-0.896202
-0.37509,-0.37509
0.689151,-0.323339
-0.396396,-0.659485
-0.423968,-0.428406
-0.466232,-0.377136
-0.860272,-0.630075
0.394069,0
0.432862,0
-0.309369,0.389395
0.280698,0.564274
0,0.655558
-0.654136,0
0,0.655558
-0.654136,0
-0.63265,0
-0.341282,0.314966
-0.586668,0
0.40629,0.545861
0,0
-0.764361,0
0,0
-0.79146,0
-0.342627,0.258534
-0.860582,-0.704411
0.631917,0.550698
-0.544276,-0.5364
-0.853808,0
0,0
-0.510468,0.504727
0,0
-0.652905,0.586749
-0.885124,-0.907426
-0.885124,-0.907426
-0.739411,-0.656302
-0.783,-0.714153
-0.65344,-0.65344
-0.706173,0
0,0
0,-0.798954
-0.777543,-0.789949
0,0
-0.687468,0
-0.727397,-0.704252
-0.806875,-0.738805
-0.566859,-0.313186
-0.812604,-0.928162
-0.860097,-0.910955
-0.746106,-0.549252
-0.906811,0
-0.7315,0
0,0
0,0
0.625753,0.587085
-0.77662,0
-0.534351,-0.562355
-0.752753,-0.752753
-0.929142,0
0,0
-0.770982,-0.534372
-0.487593,-0.507383
0,-0.746125
-0.723142,0
-0.723142,0
-0.757533,-0.566276
-0.581531,-0.586977
-0.626689,-0.656348
-0.708894,-0.570282
-0.626689,-0.656348
0,0
-0.461719,-0.530714
0,0
-0.397224,0
-0.717089,0.629703
-0.703047,0
-0.567469,-0.559785
0,0
-0.454028,-0.600316
-0.648024,-0.648024
-0.749421,-0.650477
-0.81943,0
0,0
-0.481674,0.371378
0,0
-0.923596,-0.923596
-0.589041,-0.621281
0.852845,0
0.532749,0.683604
0,0.305616
-0.676042,-0.676042
-0.746234,-0.361359
-0.825605,-0.745485
0.419007,0.414113
0.419007,0.414113
-0.722459,-0.674927
0,0
0,0
0,0
-0.788796,-0.815195
-0.58701,0
-0.607039,-0.561989
-0.733164,-0.671128
-0.569362,0
-0.569362,0
-0.769961,0
-0.661054,0.328343
-0.702474,0.732665
0,-0.509181
0.498576,0.406331
0.360585,-0.376169
-0.638362,-0.66688
0,0
0,0
0.327754,0.442535
-0.805737,-0.614483
0.344545,0.392063
0.271016,-0.249254
-0.485715,-0.558064
0,-0.431372
-0.4601,0.288866
-0.872427,-0.872427
-0.76043,0
-0.665153,-0.732428
-0.535805,0.440639
0,0
-0.457201,0
0,0
-0.799765,0
-0.940926,0
0,0
0,0
-0.782465,-0.789636
-0.559606,-0.419971
-0.559606,-0.419971
-0.685439,-0.641031
-0.638887,-0.435369
-0.54651,-0.798136
-0.741953,-0.8917
-0.416261,0.337579
-0.772261,0
-0.674857,-0.844392
-0.799996,0
0,0
-0.774687,-0.650895
0.590813,0
0,0
-0.569441,0
-0.478409,0
-0.509509,0.52626
-0.614641,-0.582743
0,0
-0.825367,-0.788592
-0.846258,0
0,0
0,0
-0.613795,-0.553527
0,0
-0.881,0
-0.863065,-0.614455
0.376591,0.53798
-0.692948,0
-0.306492,-0.405827
0.449107,0.449107
0,0
0.707014,0.46963
-0.730469,-0.606074
-0.454113,0
-0.701557,0
-0.555399,0.496101
-0.627196,0
0.378959,-0.658312
0.786364,0.786364
0,0
0.786364,0.786364
0,0
-0.265198,-0.35825
-0.844919,0
-0.839757,0
-0.664451,0
-0.370583,0
-0.520267,0.577982
0,0
0.337051,0.337051
-0.681359,-0.868259
-0.823436,-0.823436
-0.454113,0
-0.942613,-0.930407
0,0
0,0.321786
0,0
0.382782,0.426115
-0.740894,0
-0.72571,-0.528113
-0.775886,-0.775886
-0.543113,-0.563388
-0.844332,-0.557238
0,-0.798954
-0.441746,0
-0.84973,-0.776021
-0.959271,0
-0.413306,-0.534712
-0.62131,-0.725434
-0.485427,-0.485427
-0.814846,0
-0.852524,-0.691555
-0.831418,-0.831418
-0.647279,-0.647279
-0.440042,-0.320432
0.479591,0.433428
-0.766158,-0.769353
0.580041,0.587239
-0.761232,0
-0.70599,-0.314616
-0.878118,0
-0.886018,0
-0.673821,-0.65888
0,0
-0.633502,-0.567793
0,0
-0.756487,-0.828735
-0.867065,-0.837775
-0.808637,-0.674478
-0.645773,-0.764632
-0.808637,-0.674478
-0.645773,-0.764632
0,0
-0.524985,0
0,0.469021
-0.708472,-0.661635
-0.599226,0
-0.478427,-0.388304
-0.951681,-0.755883
0.348876,0.348876
0,-0.463206
-0.710902,-0.918165
0,0
0,-0.5345
-0.778367,0
-0.481723,-0.481723
-0.657761,-0.466532
-0.770839,-0.738501
0,0
-0.830126,0
-0.830126,0
-0.806991,0
-0.49017,-0.51486
0,-0.411796
0.542248,-0.602639
0,0
-0.386197,0.385211
-0.561113,-0.561113
-0.8514,0
0,0
0,0
-0.547998,-0.585343
-0.864544,-0.770354
-0.736761,0
-0.64287,0.284558
-0.596974,-0.596974
0,0
-0.829396,0
0.640924,0.365469
0,0
-0.820712,0
-0.813854,0
0,0
-0.524328,-0.524328
-0.364519,-0.663245
0,-0.950185
0,0
-0.707567,-0.746831
-0.362471,0.374778
0,0
-0.922085,-0.854744
0,0.411641
-0.604458,0
-0.767726,-0.800938
-0.800312,0
-0.689402,-0.520423
-0.834758,0
-0.484481,-0.858754
-0.506437,0.697743
0.264358,0.561482
0.264358,0.561482
-0.668247,0
0,0
-0.331325,0
-0.831763,-0.672936
0,0.496434
-0.705651,0
-0.729136,-0.707179
0.409029,0.409029
0.68325,0.621841
-0.273597,0
-0.526899,-0.423194
-0.614228,-0.433045
-0.896017,-0.884754
-0.596427,0.643272
-0.729313,-0.601135
0,0
-0.726887,-0.557781
-0.425777,-0.567249
-0.749515,-0.749515
-0.586769,-0.524391
0,0
-0.607512,0
-0.526404,-0.568553
-0.440395,-0.296503
-0.84421,0
-0.367002,0.317915
-0.868892,-0.929957
-0.670489,-0.670489
-0.449452,-0.449452
-0.693019,-0.606522
0,0
-0.748157,-0.648193
0,0
0,0
-0.506212,-0.637234
0,0
0.519512,0.519512
0,0
0,0
-0.451101,-0.553715
-0.281075,-0.525458
0,0
0,0
-0.413721,-0.467019
-0.94885,-0.814865
0,0
-0.673355,-0.596336
-0.574805,-0.574805
-0.820756,-0.885875
0,-0.393295
-0.905686,0
0,0
0,-0.506496
0.286151,0.390159
-0.841761,0
0,0
0,-0.587064
-0.641778,-0.459442
-0.8217,-0.74846
0,0
-0.540261,0
0,0
-0.826076,-0.852624
0,-0.91935
0.348697,0.281698
-0.688723,-0.374321
-0.785138,-0.825158
-0.637921,-0.333281
-0.599176,-0.587144
0,0
-0.89016,-0.89016
-0.814476,-0.745834
-0.261039,-0.35276
0.650151,0
-0.33274,-0.328163
0,0
-0.653313,0.315044
0,0
0,0
0,0
-0.677138,-0.822272
-0.725577,0
0,0
0,0
0,-0.882689
-0.836551,0
-0.693517,-0.676885
-0.859197,0
-0.88254,0
0,0
-0.555559,0.434529
0,-0.611569
-0.938195,0
0,0
0,0
-0.518016,0.355163
-0.843544,0
-0.617688,-0.617688
-0.904429,-0.613019
-0.441867,-0.355339
0.46447,-0.715433
-0.758874,0
-0.827104,-0.916546
-0.940993,0
-0.723772,-0.717852
0,-0.690151
0,-0.683268
-0.880229,0
-0.851247,0
-0.851247,0
-0.611352,-0.444575
-0.732628,0
0,0
-0.768902,-0.814627
-0.738153,-0.738153
0,0
-0.306234,-0.515042
-0.928577,-0.992376
0.483468,0
-0.334912,-0.845561
-0.70743,0
-0.555864,-0.557489
-0.705393,0
-0.644863,-0.636796
0,0
0,0.50626
-0.780658,0
0,0
-0.824845,0
-0.776308,-0.673462
0,0
-0.301424,-0.324419
0,0
-0.673958,-0.630335
-0.771641,-0.767689
0,-0.917872
-0.759839,0
-0.845218,0
-0.437754,-0.4149
-0.49366,-0.49366
-0.588571,0
-0.707442,0
-0.706365,-0.636796
0,0
-0.876602,-0.876602
-0.564539,-0.595292
0,-0.522115
-0.924153,0
-0.953731,0
-0.953731,0
-0.806655,0.383873
0,0
-0.783384,0
-0.719353,-0.64851
-0.639094,0
-0.679765,-0.679765
-0.541841,-0.541841
-0.573373,-0.573373
-0.468655,0
-0.620346,-0.620346
-0.46614,-0.46614
-0.868576,0.561361
-0.326129,0
0,0
0,0
-0.895522,0
-0.877423,0
-0.518246,-0.495278
-0.545426,0.263626
-0.527021,0.426295
0.436451,-0.340633
-0.693025,0
-0.745038,-0.567961
-0.820604,0
0,0
-0.840479,0
0,0
-0.810903,-0.810903
-0.763207,0
-0.763207,0
0,0
0,0
-0.605856,0
-0.809551,-0.85187
0,0
-0.959106,-0.941227
-0.358537,0
-0.960788,0
-0.781593,0
-0.780662,-0.573771
-0.679549,-0.690326
-0.650082,-0.672958
-0.52265,0
-0.798094,0
-0.724293,-0.376196
-0.931759,-0.931759
-0.890921,0
0,-0.328034
-0.763133,-0.604017
-0.763133,-0.604017
-0.694916,0
-0.625847,0.322055
0,0
-0.502178,0
0,-0.905035
-0.761508,-0.673785
-0.459964,-0.466542
-0.941091,0
-0.861279,0
0,0
0.776065,0.776065
-0.789398,-0.789398
-0.485017,0
0,0
-0.636279,0
-0.803673,-0.732348
-0.789319,-0.775633
-0.477625,-0.609414
-0.832609,-0.832609
-0.613932,0
-0.738056,0
-0.549498,0.386158
-0.749267,-0.749267
-0.45861,0
0,0
-0.808898,0
0.259648,0.489443
-0.5835,-0.5835
-0.449092,0
-0.5835,-0.5835
-0.449092,0
0,0
-0.425368,0.723412
-0.630488,-0.413575
-0.830113,0
-0.681426,-0.481022
-0.824453,0
-0.850001,0
-0.652317,-0.54276
0,0
-0.714296,0
0.315489,0
-0.894905,-0.894905
-0.762929,-0.832349
-0.877755,0
0,0
-0.420302,0
0.958596,0
0.345046,0
0.468903,0
-0.827239,-0.68827
-0.886177,0
0.498913,0
-0.840328,0
0,0
-0.814192,0
-0.876099,0
-0.429858,0
0,0
0,0
-0.579592,-0.688546
-0.744074,0
-0.590487,0
-0.783525,-0.339612
-0.760447,-0.748264
-0.775296,0
-0.860526,0
-0.606191,0
-0.290716,0
-0.606191,0
-0.591925,0
-0.832636,0
-0.312066,0
0,0
-0.896274,-0.970919
-0.625224,0
-0.760073,-0.906339
-0.876501,0
0.478313,0.478313
0.771137,0
0,0
-0.679421,-0.8126
-0.734858,0
0,0
-0.830355,0
0.466827,0
0.546553,0
-0.520118,0
-0.842708,0
-0.707881,0
-0.775785,0
-0.688682,0
0.885525,0
-0.299994,0
-0.913786,-0.913786
0,0.531431
-0.744335,0
-0.543955,-0.588902
-0.499127,0
-0.543955,-0.588902
-0.499127,0
-0.740597,0
-0.303686,0
0.592753,0
-0.510178,0.318474
-0.645841,0
0.609213,0
-0.256745,0
-0.871335,-0.877543
-0.308794,0
0.845124,0
-0.768842,0
0,0
-0.927165,0
-0.839324,-0.66222
0.551897,0
-0.74752,-0.792602
-0.445349,0
0,0
-0.639193,-0.612177
-0.548743,-0.418169
-0.492906,-0.504619
-0.830015,-0.547991
-0.828077,-0.762716
0.528309,0.498323
-0.307717,-0.342155
-0.740039,0
-0.727806,-0.727806
0,0
-0.711324,0
-0.766478,-0.732616
-0.89199,-0.89199
-0.747057,-0.737255
-0.642244,0
-0.72931,-0.662191
-0.724859,-0.726585
-0.416025,0.371739
-0.650628,-0.566753
-0.667202,-0.691009
-0.875361,0
-0.482762,-0.318318
-0.914165,-0.787904
-0.397272,-0.605691
0,0
-0.874652,-0.86448
-0.863533,-0.863533
-0.642093,-0.619797
-0.920939,0
-0.828325,-0.828325
-0.673462,-0.576912
0,0
0,0
-0.820662,-0.763315
-0.80255,-0.810033
-0.868994,-0.835271
-0.651654,-0.57776
-0.54915,0
-0.698254,-0.510614
-0.530086,-0.575057
-0.56341,-0.540258
-0.916751,-0.708605
-0.595581,-0.596484
0,0
-0.815004,-0.648742
-0.762476,-0.633915
0.498465,0
0,0
-0.306492,-0.405827
0,-0.915933
0,-0.915933
0,0
0.28457,0.576738
0,0
0,0
-0.585702,-0.709254
-0.746833,-0.833399
-0.696957,-0.696957
-0.765837,0
-0.611196,0
-0.530086,-0.575057
-0.62548,-0.590125
-0.797593,-0.730473
-0.452927,-0.415608
-0.798513,-0.798438
0.366059,0
-0.512382,-0.484852
-0.771613,0
-0.486104,0.256865
0,0
-0.764008,0
-0.575658,0.336439
-0.731352,0
-0.737253,0
-0.432865,-0.541922
-0.577133,-0.547488
0,-0.761414
-0.352545,0
0,0
-0.791561,-0.791561
0,-0.858013
-0.390817,0
0,0
-0.475518,-0.330816
-0.602291,0
-0.493059,0
0,0
-0.830969,0
-0.709269,-0.667926
0,0
0,0
-0.752757,-0.722869
-0.512721,0
-0.798686,0
-0.902217,0
0,0
0,0
0.318214,0
0,0
-0.663288,0
-0.439859,-0.41906
-0.566057,-0.593811
-0.823973,-0.823973
0.418958,0.419713
-0.867641,-0.867641
-0.910944,-0.910944
-0.605943,0.370765
0.518259,0.518259
0,0
-0.714441,-0.431328
0.672346,0
-0.827591,-0.320055
0,0
-0.561248,-0.566394
-0.642363,-0.438941
0,0
0,0
0,0
-0.872237,-0.903165
-0.848316,-0.727721
-0.692378,-0.658432
-0.49273,-0.562891
0.399241,0
-0.310853,0
0.791284,0.636821
0,0
-0.504759,-0.321518
0.430483,0.430483
-0.787939,-0.69179
0,0
-0.643763,-0.720302
0,0.759607
-0.83369,0
-0.756598,-0.756598
-0.673735,0
-0.584878,-0.51288
0,0
-0.413062,0
-0.651297,-0.711816
-0.910337,-0.9171
-0.572453,-0.851321
0,0
-0.32222,-0.326903
-0.699094,-0.865648
-0.951561,0
-0.745387,-0.707871
-0.612264,-0.743784
-0.625551,0
-0.86378,0
-0.481948,0
-0.625551,0
-0.86378,0
-0.481948,0
-0.759761,-0.789335
-0.708069,-0.708069
0,0
0,0
-0.671145,-0.625804
-0.90285,-0.867034
-0.820456,-0.732591
-0.915298,0
-0.519743,-0.313201
-0.871036,0
0,0
-0.498725,-0.525354
0.271016,-0.249254
-0.753868,-0.730847
-0.637237,-0.746254
-0.733098,-0.733098
-0.459935,-0.803998
-0.733098,-0.733098
-0.459935,-0.803998
-0.370065,-0.330248
-0.683077,-0.701685
-0.74585,-0.838096
-0.894336,0
0,0
-0.749705,0
-0.7119,-0.543448
0,0
0,0
-0.273566,-0.448167
-0.373335,0
0,0
0,0
0,0
-0.68957,-0.906003
0,0
-0.756262,-0.750099
0,0
-0.848902,-0.893953
0,-0.622212
-0.714436,0
0,-0.885662
-0.817885,-0.802396
0,-0.892488
-0.53109,-0.680904
-0.711191,0
-0.486236,-0.509306
0,0
0,0
-0.846332,-0.783243
-0.77754,0
-0.820106,0
-0.370199,-0.370199
-0.419521,-0.298005
-0.444499,-0.493931
-0.703552,-0.641424
-0.883542,0
-0.395286,-0.783241
-0.8929,-0.901604
-0.816731,0
-0.69422,-0.559032
-0.530889,-0.284097
-0.702902,-0.632849
-0.879603,-0.852904
-0.85436,-0.835021
-0.868198,-0.877322
-0.682936,0
0,0
-0.664104,0
0,-0.730837
-0.878614,-0.839798
-0.845064,-0.783434
-0.726064,-0.801438
-0.443447,0.430993
0,0
-0.571318,-0.571318
0,0
-0.656128,-0.734929
-0.285325,-0.687817
-0.745726,0
-0.93367,0
-0.731496,-0.513171
-0.40189,-0.40189
-0.755799,0
-0.921095,0
0,0
-0.748545,-0.665508
-0.988829,0
-0.810076,0
-0.506595,0
-0.894752,-0.843054
0.340492,0
-0.621947,-0.492402
0,-0.305653
0,0
0.622114,0.622114
0,0
-0.295171,0
0,0
-0.295171,0
-0.903772,-0.903772
0.335145,0.335145
-0.829837,-0.824595
0,0
0,0
-0.652798,-0.652798
-0.821806,-0.665645
-0.713772,0
-0.892264,-0.859118
-0.386351,-0.405428
0,0
-0.90716,-0.952333
-0.783826,-0.69386
-0.705638,-0.590388
-0.766451,0
-0.868102,-0.771573
0,0
0,0
-0.677452,-0.550804
-0.861396,0
-0.866981,-0.899139
0,0
-0.557366,0
-0.517914,0.328412
-0.625581,0
-0.893,0
-0.577293,-0.577293
-0.731534,-0.694174
-0.633887,-0.603973
-0.671429,-0.754993
-0.789939,-0.884606
0.317038,-0.492837
-0.882265,0
-0.780898,-0.814964
-0.922804,-0.903806
0,-0.770288
-0.687368,-0.687368
-0.990292,-0.990292
-0.598952,-0.486634
-0.535562,-0.595105
-0.730288,-0.644984
-0.461257,0.388342
-0.728422,0
-0.818395,0
0.476841,0.597538
-0.37794,-0.425173
-0.844564,-0.943407
0.501992,-0.465349
-0.844564,-0.943407
0.501992,-0.465349
-0.75538,-0.867154
0,0
-0.840882,-0.744536
0,0
-0.648134,-0.656092
-0.808538,-0.741542
-0.851951,0
-0.507328,0.354973
-0.51076,0.530664
-0.463585,0
-0.692193,-0.412117
-0.748167,0
-0.610635,0
0,0
-0.944072,-0.933388
-0.805364,-0.833299
-0.80642,0
-0.549307,0
0,0
-0.750986,-0.770633
-0.836458,0
-0.920437,0
-0.362532,-0.259247
-0.695412,-0.748358
-0.335919,-0.545236
-0.735618,0
-0.823861,0
-0.814798,-0.744075
-0.612283,0
0,0
-0.811947,0
-0.550362,0
-0.283327,0
0,0
-0.803837,-0.59155
-0.843639,0
0,0
0.579803,0
0,0
-0.597126,0
-0.573209,-0.586413
0.494947,0.284677
-0.470452,-0.487949
0.353433,0.570551
-0.518583,0
0,-0.451736
0.312527,0.485606
-0.688392,-0.738102
0,0
0.416289,0.416289
-0.600012,0
-0.685512,-0.72045
-0.721238,-0.74739
-0.296386,0.515564
-0.517619,-0.337682
-0.81984,0.546124
-0.554515,-0.769476
-0.820923,-0.689666
-0.554515,-0.769476
-0.820923,-0.689666
-0.881094,-0.925441
0,0
-0.324726,0
0,0
0,0
0,0
-0.709961,-0.819007
-0.343,0
0.316316,-0.273476
-0.477243,0.431342
0,0
0,0
-0.452207,-0.433223
-0.596435,-0.481109
-0.482009,0
-0.780607,-0.8377
0,0
0,-0.292441
0,0
0,0
-0.936836,0
0,0
-0.817125,-0.574386
0.319137,-0.360055
-0.744633,-0.783171
0,0
-0.709833,-0.644971
0,0
0,0
-0.868136,-0.593529
-0.655788,0.825086
0.62945,0.560201
0,-0.701058
-0.754045,-0.697181
0,0
-0.394132,0
-0.903088,-0.903088
-0.842663,-0.899191
-0.382646,-0.331559
0,0
-0.342653,0
-0.764071,-0.668063
0,0
-0.969559,-0.969698
-0.606448,-0.367252
-0.692564,-0.749532
0,0.488062
0.550589,-0.526904
-0.896382,0
-0.840419,0
-0.911253,0
0.794315,0.794315
-0.66399,-0.550132
-0.849115,-0.749225
-0.855416,0
-0.942795,-0.977988
-0.892716,0
-0.670923,-0.651863
-0.892716,0
-0.670923,-0.651863
-0.626212,-0.626567
-0.562318,0
-0.759258,-0.722491
0,0
-0.957201,0
0,-0.620028
-0.836349,-0.769506
-0.741625,0
0,0
-0.76635,-0.704268
-0.482554,0
-0.669304,0
-0.912943,-0.599212
0,0
0,0.467453
0,0.684672
-0.426725,-0.291226
-0.393947,-0.488117
-0.385069,-0.477223
-0.682533,-0.584313
-0.623488,0
0.312768,0
0,0
-0.313737,0.441119
-0.757447,0
-0.933679,0
-0.499418,-0.600877
-0.849942,0
-0.499418,-0.600877
-0.849942,0
0,0
-0.267656,-0.363208
-0.717666,-0.755646
0,0
0,0
0,0.430088
-0.925442,-0.941721
0,0
0,-0.463743
0,-0.63265
-0.865876,-0.803103
-0.692564,-0.749532
0,-0.780805
-0.630393,-0.831769
-0.817885,-0.802396
-0.61617,-0.500195
0,0
-0.81993,-0.821391
0,0
-0.81993,-0.821391
-0.560351,0
0,0
-0.84087,0
-0.970162,0
-0.873532,-0.725826
-0.614666,0
-0.247104,0.46994
-0.289354,0
-0.807943,-0.799005
-0.922296,0
-0.852609,-0.873382
-0.431353,0
-0.953345,-0.964168
0,0.432419
-0.675346,0
-0.236588,0
-0.711522,-0.500211
-0.848256,-0.84822
-0.593666,0
-0.742212,-0.8971
-0.62262,0
-0.596064,0
0,0
-0.408299,-0.712431
0,0
0,0
-0.548666,-0.577026
-0.565256,-0.568384
-0.706658,0
0,0
-0.804177,-0.626216
-0.352093,0
0,0
0,-0.695294
0,0
-0.963182,0
-0.637009,-0.707282
-0.901101,-0.720088
-0.767682,0.393579
0,0
-0.883489,-0.877581
-0.775909,0
-0.781951,0
-0.827527,-0.853036
-0.837932,-0.720443
-0.813289,0
0,-0.488681
-0.767656,0
-0.939108,0
-0.604307,0
0.763994,0
-0.823019,0.70937
-0.933692,0
0,0
-0.776416,-0.785875
-0.711827,-0.49298
-0.734639,0.465689
0,0
-0.66756,0
-0.870223,-0.518803
-0.516114,0
-0.661789,0
0,0
-0.885194,-0.675599
-0.841063,-0.682774
0.368752,-0.283053
-0.61795,0
0.485177,0
-0.584878,-0.51288
-0.584467,-0.919961
-0.411033,0.347194
-0.841353,-0.74316
-0.626368,-0.610385
0,0
-0.739759,-0.696706
-0.51985,-0.644562
0,0
-0.725936,0
0,0
-0.725936,0
0,0
-0.731693,-0.703665
-0.94037,-0.966148
-0.700197,0
-0.627424,-0.296501
-0.522349,-0.404156
-0.799791,-0.799791
-0.811754,0
0.479371,0.479371
-0.639443,-0.634467
0,0
0,0
-0.935609,0
0,0
0,-0.601481
-0.808281,-0.807617
0,0
-0.710308,-0.678009
-0.612264,-0.743784
-0.792891,0
-0.751182,0
-0.75304,-0.567902
-0.284565,0.364361
-0.897498,-0.80214
0,0
0,0
-0.713848,-0.786311
-0.685828,-0.437844
-0.713848,-0.786311
-0.685828,-0.437844
-0.666607,-0.659415
-0.570699,-0.570699
-0.845076,-0.894134
-0.723795,-0.797855
-0.520385,0
-0.961475,-0.884705
-0.524312,-0.524312
0,0
0,0
-0.728962,-0.741201
0,0
0,0
0,0
0.473245,-0.291062
-0.71995,0
-0.582509,-0.265391
-0.85088,0
-0.951907,0
-0.85088,0
-0.951907,0
-0.651297,-0.711816
-0.58948,-0.620037
-0.678359,0
-0.715064,-0.455449
-0.858179,-0.706222
-0.751965,0
-0.681469,-0.653908
-0.827311,0
-0.436514,0.314173
-0.582763,0
0,0
0,0
-0.350691,-0.263247
-0.620725,-0.630466
0,0
0,0
-0.743258,0
-0.871031,0
-0.274862,0
-0.784346,-0.80623
-0.771114,0
0,0
-0.601923,-0.601923
-0.448206,0
0.401646,0
-0.849467,0
-0.880265,-0.817972
-0.580307,0
-0.580307,0
-0.502647,0
-0.83743,0
0,-0.365619
-0.594205,-0.682179
-0.901126,-0.901126
-0.594205,-0.682179
-0.809498,0
0.320739,-0.34199
-0.867912,-0.80346
-0.446273,-0.44899
-0.591747,0
0.611693,0.367826
-0.91819,-0.910234
0,0
0,-0.70564
-0.711699,-0.786858
0,0
-0.787858,-0.787858
-0.629624,-0.749858
0,0
-0.787858,-0.787858
-0.629624,-0.749858
0,0
-0.786998,0
-0.608955,-0.824623
-0.979747,-0.983519
-0.479756,0.964167
-0.540199,0
-0.669604,-0.441648
-0.89948,0
0,0
0,0
-0.461711,-0.311784
-0.616179,-0.583798
-0.804527,-0.816141
-0.371108,0
-0.849186,0
-0.829873,-0.875265
-0.682111,0
-0.646682,0
-0.885236,0
-0.721277,-0.722583
-0.786493,0
-0.681199,-0.277786
-0.760571,-0.708626
0.546885,0
0,0
-0.342082,0
-0.732532,0
0.701519,0.585078
-0.825184,-0.85511
-0.608553,-0.608553
-0.679351,0
0,0
0.284995,0.804398
-0.869616,0
-0.866955,-0.837044
-0.596372,-0.446203
0,0
-0.73426,-0.675346
0,0
0,0
-0.452964,0.576333
0,-0.410689
-0.487772,-0.469102
-0.683475,0
-0.672899,0
-0.799322,0
0.694395,0
-0.679259,-0.740463
-0.619731,0
0.31725,0
-0.429665,0.302951
-0.781062,0
-0.896551,-0.92262
-0.761723,-0.761723
-0.693135,-0.718643
-0.846461,0
-0.445974,-0.445974
-0.445974,-0.445974
0,-0.504922
-0.932662,0
0,0
0,0
-0.793273,0
-0.919527,-0.919527
0,0
-0.897932,-0.798062
-0.834073,0
-0.657554,-0.643703
-0.750351,0
-0.674492,-0.534778
-0.87123,-0.827614
-0.797374,0
0.342851,0.342851
-0.387606,-0.38627
0.439398,0
-0.733131,-0.858142
-0.742503,-0.811348
-0.733131,-0.858142
-0.742503,-0.811348
-0.421158,0
0,0
0,0
-0.302524,0
-0.720866,0
0,0
-0.602818,-0.677211
-0.760399,0
-0.652072,-0.58399
-0.332495,0.481383
-0.588991,-0.281228
-0.7819,0
0,0
-0.641016,-0.454526
0,-0.306366
-0.844169,-0.831275
-0.436654,0
0,0.410077
0,0.410077
0,-0.530032
-0.869012,0
-0.688732,0
0,-0.808088
-0.588991,-0.281228
-0.776214,-0.776214
-0.863882,0
-0.929116,0
-0.840394,0
-0.29346,0
-0.62392,-0.827071
-0.659787,0
-0.768456,-0.861559
-0.626441,-0.386902
0,-0.530032
0,0
-0.794189,0
-0.751058,-0.823763
0,0.602669
-0.794189,0
-0.751058,-0.823763
0,0.602669
-0.633584,-0.633584
-0.819874,0
-0.310791,0
-0.813337,-0.661539
-0.732464,0
-0.684097,0
-0.606434,-0.48365
-0.944447,0
-0.700194,-0.682968
0,-0.502535
-0.717535,0
-0.829577,0
-0.800039,0
0,0
0.602136,0.485938
-0.633329,0
-0.866312,0
-0.511323,-0.629575
-0.783286,0
-0.422895,0
0,-0.659695
0.535225,0
0,0
-0.631637,-0.478054
0,0
-0.745559,-0.597512
-0.835893,-0.853775
-0.835893,-0.853775
-0.635083,-0.510954
-0.564029,0
-0.650476,0
-0.708175,0
0.357817,0
-0.794642,0
0.469546,0.441869
-0.808562,-0.795808
-0.683349,0
0,0
0,0
-0.926227,0
-0.707272,-0.648721
0,0.519072
-0.810055,-0.803409
0,0
-0.878603,0
-0.699136,0
0,0
-0.957497,-0.835348
-0.891966,-0.898161
-0.345267,0
-0.697059,0
0,-0.694503
-0.640383,0
-0.707965,-0.727471
-0.385845,0
-0.818663,0
-0.838232,0.324351
-0.701603,0
0.40333,0
-0.753924,0
-0.815818,0
-0.921497,-0.802384
-0.841906,0
-0.725795,0
-0.76462,0
-0.967285,-0.731368
-0.938669,-0.810148
-0.967285,-0.731368
-0.938669,-0.810148
-0.680912,-0.570727
-0.58475,0
0,0.590786
-0.314233,0
0,0
0,-0.675874
0,0
0,0
-0.88258,0
-0.685641,0
-0.766396,0
-0.932598,0
-0.623261,-0.700055
-0.509885,0
0,0.25946
-0.660901,0
-0.915868,0
-0.902259,-0.902259
-0.472984,0
-0.466266,-0.466266
-0.342197,0
-0.370491,-0.370491
0.360097,0
-0.784619,0
0,0
-0.918428,0
-0.828205,0
-0.60478,-0.603643
0.90891,0
-0.679772,-0.662439
0,0.310511
-0.775264,-0.731372
-0.827449,0
-0.703654,0
-0.5028,0
-0.841673,-0.936152
0.420371,0.472362
0.373768,0
-0.841673,-0.936152
0.420371,0.472362
0.373768,0
-0.672574,-0.682376
-0.676901,0
0.547025,0
-0.731674,-0.74864
-0.290295,0
0.383725,0
-0.716592,0
-0.603855,0
-0.666106,0
-0.93746,-0.897171
-0.687226,0
0.586031,-0.571496
-0.808887,0
-0.804265,0
0,0
-0.800651,-0.652745
-0.547705,-0.440733
0,0
-0.800651,-0.652745
-0.547705,-0.440733
-0.702063,0
-0.902527,0
-0.552367,-0.346047
-0.464016,-0.373464
0,-0.344001
0,-0.530032
0,0
-0.891975,0
-0.872815,0
-0.655448,-0.55383
-0.592945,-0.681532
0.453511,0
-0.347978,0.349685
-0.89365,0
-0.783301,0
-0.82413,0
-0.583407,-0.672613
0,-0.719667
-0.417176,0
-0.789982,-0.775245
-0.326856,0
-0.769526,0
-0.656818,0
-0.304257,0.479298
-0.747913,0
-0.527275,0
-0.774113,-0.767784
-0.906347,0
-0.875625,0
-0.605623,-0.605902
-0.622487,-0.553194
0,0
-0.93812,-0.93812
-0.830227,0
0,0
-0.739235,0
-0.810544,0
-0.776879,0
0,0
-0.930595,0
-0.773282,0
-0.655542,0
-0.775778,-0.613251
-0.625304,0
-0.725925,0
-0.385166,0
-0.426203,0
-0.678799,0
-0.78122,-0.752257
-0.838054,0
-0.503813,0
-0.870373,0
-0.745971,0
-0.755739,0
-0.842116,0
0,0
-0.811451,0
-0.714526,-0.74498
-0.668164,0
-0.436342,0
-0.803115,0
-0.741896,0
-0.823851,0
-0.803619,0
-0.893819,0
-0.459407,0
-0.53405,0
-0.703479,0
-0.879009,0
-0.745106,0
-0.840898,0
-0.936792,0
-0.611588,0
-0.398495,-0.375594
-0.515152,0
-0.689999,0
-0.822146,0
-0.822146,0
-0.622643,0
-0.609965,0
-0.958907,0
0.594185,0
-0.938685,0
-0.853399,0
-0.838821,0
-0.829176,-0.649901
0,0
0.668473,0.570823
-0.816113,-0.497108
-0.591457,0
-0.798238,0
-0.663503,0
-0.291041,0
0,0
-0.841012,0
0,0.435009
-0.338054,-0.384474
-0.338054,-0.384474
-0.891582,-0.847925
-0.707839,0
0,-0.655281
-0.891898,0
-0.654136,-0.805516
0.63852,0
-0.874605,-0.912014
-0.757588,0
-0.823964,-0.681216
-0.757588,0
-0.823964,-0.681216
-0.393675,-0.533907
0,-0.43748
0,0
-0.857006,0
0,0
0.277596,-0.29079
0,0
-0.392244,0
-0.939766,0
-0.538173,-0.634179
-0.934798,-0.710239
0,-0.637945
0,0
0,-0.674571
0.779844,0.779844
0,-0.706146
-0.966345,0
-0.896586,0
-0.884434,-0.884434
0,0
0,0
0.522637,-0.489804
-0.822822,0
-0.77794,-0.640961
-0.645188,0
-0.812676,0
-0.682151,0
0,-0.628024
-0.848486,0
0,0
-0.850363,0
-0.415746,0
-0.905569,0
-0.797579,0
-0.756048,-0.623512
0,-0.286743
-0.856811,0
-0.348581,0
-0.801148,0
-0.645344,-0.547257
-0.243037,-0.295127
0,0.724805
-0.79695,0
0,-0.71458
-0.925219,-0.590239
0,0
-0.584446,0
-0.593002,-0.744971
-0.803367,-0.82025
-0.945717,-0.919003
-0.93016,0
-0.98531,0
0.490121,0
-0.453777,0
-0.815925,-0.705549
0,0
-0.888704,0
0,0.450991
0,0.450991
-0.51044,-0.418796
0,-0.428536
0,0
-0.849467,0
-0.740713,-0.645704
0.48435,-0.468938
0,-0.497121
-0.475101,-0.521077
-0.775502,0
-0.746058,-0.626253
0,-0.476274
-0.911586,0
0,0.506769
0.752416,0.731636
-0.964385,-0.787009
-0.579573,-0.361763
0,0
-0.314803,0
0.303363,0
0.303363,0
-0.41287,-0.402006
-0.799914,-0.300579
-0.491058,0.338293
0.588677,0
-0.531322,-0.613133
-0.505392,0.514064
-0.336797,0.52207
-0.747654,0
0,0.383057
-0.605784,0
0,-0.945489
0.685644,0
0,0
-0.607548,-0.676392
0.702497,0.471577
-0.859271,0
-0.808737,0
0,-0.858728
0,0
0,0
0,0
0,0
-0.370324,0.258512
-0.512001,-0.330565
0.265626,0
-0.41663,-0.429528
0.742807,0.741407
-0.592211,0
0,0
0,0
0.524937,0.461203
0,0
0,0.682605
0.583978,-0.36146
0.890549,0.931278
-0.283235,0.652559
-0.394187,0.314963
0,0
0,0.440902
-0.39052,0.366113
-0.297254,0.476798
0,0
0,0
-0.467946,0
-0.747774,0
-0.644038,-0.787341
0,0
0,0
-0.722055,-0.331645
-0.722055,-0.331645
0.63429,0
-0.860986,0.273769
-0.519708,0
0,0.70843
0.45394,0
0,0.881372
0.331343,0
-0.833407,0
-0.845977,0
-0.582023,-0.458967
-0.57851,0
-0.711813,-0.333495
0.252603,0
0,0
0.504629,0
0.334874,-0.772864
-0.608526,0.366825
-0.698124,-0.316931
0,-0.556487
0,-0.556487
0.344724,0
-0.489424,0
0.602607,0
-0.77525,0
-0.372207,0.382439
-0.596746,-0.460747
0,0
0,0.505272
0.696398,0.696398
-0.549627,0
0.698676,0.471521
0.286251,-0.255084
0,0
0.415896,0.25862
0,-0.446819
0,0
-0.952562,0
0,0
-0.829145,0
-0.763692,0
0.605961,0
-0.478,0.32141
0,0.684297
0,0
0,0
-0.502034,0
0,-0.592895
0,0
-0.414339,0
0,0
-0.414339,0
0,0
-0.4696,0.33034
-0.268841,0
0,0
-0.756564,-0.684626
-0.612958,0
-0.778946,-0.908218
0,0
0,0
0,0
0.854721,0
-0.776365,0
0.533855,0
0,0
0.257453,0
-0.43435,0
-0.337229,0.556846
-0.952562,0
-0.337229,0.556846
-0.952562,0
-0.448353,-0.669144
-0.332283,0.663579
-0.826869,0
-0.432092,-0.757182
0.737504,0
-0.263945,0
0,0.505896
-0.424464,0
-0.770044,-0.27499
-0.615833,-0.42782
-0.628066,-0.533662
-0.941451,0
0,0
-0.388908,0
-0.550034,0
0,0
0,0
0.335136,0
0,0
0.335136,0
0,-0.743707
-0.573976,0
-0.923575,-0.633509
0.917828,0.511301
0.573433,0.659237
-0.702836,-0.674724
0.616827,0
-0.387594,0
0,0
0.393641,0.615441
0,0
0,0
0.310103,-0.477237
0,0
-0.862889,0
-0.496142,0
-0.452661,0.347813
-0.704253,-0.60048
-0.704253,-0.60048
-0.774803,-0.833587
0,0
0.803673,0
-0.634363,-0.835987
0,0
0,0.717969
-0.509139,-0.281463
-0.554563,-0.442336
0,0
0.765938,0
-0.382109,-0.410808
-0.490106,-0.524032
-0.623128,-0.627507
-0.790114,0.453394
0,0
0,0
-0.686319,0
-0.863592,-0.779409
0,0
0,0
0,-0.550502
-0.62372,-0.553908
0,0
-0.627233,-0.627233
-0.56542,-0.69365
-0.753437,0
-0.882482,-0.566747
0,0.382182
0,0
0,0
0,0.382182
0,0
-0.595044,-0.595044
0,0
0,0
0,0
0,0
-0.917834,0
-0.957732,0
0.582036,0
0,0
0,-0.270653
-0.239864,0
-0.480179,0.85529
0.501249,-0.701554
0.404082,-0.685307
0.311354,0.26654
0,0.490748
-0.834003,0.768045
0.93173,-0.394523
-0.864251,0
0,0.347813
-0.566735,-0.626371
0.666554,0
-0.756904,-0.29649
-0.923183,-0.885362
-0.52906,-0.52906
0,0
-0.386183,0
-0.82787,0
0.304339,0
-0.491239,-0.491239
0,0
0,-0.288781
-0.608994,0
-0.384943,-0.852956
0,-0.432536
0,0
0.664078,0
-0.529977,0.315415
0,0.52221
-0.841973,-0.719636
-0.838951,0
-0.348684,-0.456382
0,0
-0.371267,0.897842
-0.707951,0
-0.913313,0.545746
-0.449387,-0.534317
-0.873568,-0.9135
-0.328855,0.314061
0.662163,0.689976
-0.651204,0
0,-0.226983
0,0
-0.423213,0
-0.269823,0.661476
-0.743131,0
-0.324813,0.286062
-0.684709,-0.559134
-0.651907,-0.624138
0,0
-0.842321,0
-0.671218,0
0,0
0,0.403824
0,0
-0.848403,-0.848403
-0.686419,0
0,0
0.390905,0
-0.6453,-0.703767
0,0
-0.510161,-0.416796
-0.680852,-0.722829
0,-0.689751
-0.298438,-0.298438
0,-0.79733
0,-0.470069
0,0.713721
-0.272657,-0.59283
-0.735198,0
0,0
-0.48882,0
-0.426239,0.43992
0.864788,0.843373
0,-0.707695
-0.733432,0
0,0
0,0
-0.84473,0
0,0.411543
-0.271928,0.352307
0,0
0,0
-0.865426,-0.826484
-0.838905,0
-0.957586,-0.820142
0,-0.560859
-0.875492,0
0,0
-0.663213,-0.644949
0,0
-0.982732,0
0,-0.65215
0.530767,0.560205
-0.466922,-0.466922
0,0
-0.684709,-0.559134
-0.684709,-0.559134
0.785866,-0.390027
-0.842875,-0.654765
-0.739845,-0.795143
0,0
-0.768138,0
0,0.254532
0,0
0,0
-0.629993,0
-0.725415,0
-0.783041,0
0,0.561176
0.299128,0.299128
0.901247,0
-0.40382,0
0.60818,0
-0.64813,0
-0.40615,0
-0.874388,-0.516765
-0.40615,0
-0.874388,-0.516765
-0.68832,-0.697515
0,0
-0.728605,0.653568
0.698917,-0.754583
0.653478,0.436547
-0.705764,0
-0.543823,-0.415356
0,0.500544
0,0
0,0
-0.635394,-0.45419
-0.776232,-0.428039
-0.707134,-0.692936
0.876683,0.671799
0.300981,0
0,0
-0.675871,-0.354068
-0.459713,0
-0.459713,0
0.408499,0
0,0
-0.732304,0
0.698823,-0.642691
0,0
0,0
-0.734021,-0.654169
-0.758093,0
-0.61306,0
0,0
-0.595513,0
0.291523,0.525449
-0.842311,0
-0.619927,0
-0.448291,0.358171
-0.586836,-0.768463
0.546145,0
-0.671623,0.307437
0,0
-0.42905,0
0,0
-0.56969,-0.463705
0,0.505848
-0.73826,0
0,-0.87846
0,0
0.40619,0
-0.332955,0
-0.920657,0
-0.332955,0
-0.920657,0
-0.529892,-0.286164
0,0
0,0
0.765435,-0.762558
0,0.284735
-0.574663,-0.63666
0,-0.454531
-0.477062,0.390188
0.542336,0
-0.587267,0
-0.70972,-0.535644
-0.815947,-0.456622
-0.587306,0
0.896025,0
0.415999,0
0,0
-0.595081,-0.688652
-0.677594,-0.58606
0,0
0,-0.688143
0,0
-0.767552,0
-0.632818,-0.483637
0.600618,0
0.59567,0.59567
-0.720277,-0.525949
0,-0.704838
-0.823276,0
-0.891714,-0.891714
0,-0.821073
-0.612131,0.471955
0,-0.907183
-0.731476,-0.490802
-0.71358,-0.354068
-0.690293,0
-0.683534,-0.709393
-0.738398,-0.598284
-0.764117,-0.334694
-0.531996,0
-0.738398,-0.598284
-0.851914,0
0,0
-0.843015,0
-0.3396,0
-0.515889,0
-0.439576,0
-0.362678,0
-0.650067,0
-0.362678,0
-0.650067,0
-0.693869,-0.415672
0,0
-0.254669,0.235271
-0.77482,-0.815754
-0.381229,-0.549804
0,-0.761406
-0.700948,0
-0.552513,0
-0.357758,0
-0.514064,0
0,0
0,-0.412531
-0.688944,0
0,0
0,0
0.340873,0
-0.514654,0
0,-0.842512
0.826025,0
0,0.435658
0.539855,0
0,0
-0.880946,0
0,0
-0.700681,-0.700681
-0.558299,0
-0.720186,0
0,0
-0.621514,0
-0.941051,-0.584499
0,0
-0.690672,-0.83685
-0.845681,-0.293516
-0.538873,0
-0.941051,-0.584499
-0.701895,0
0.777305,0.348303
-0.957858,0
-0.957858,0
0,0
0.263639,0
-0.386095,-0.443785
-0.927709,0
-0.640723,0
-0.961615,0
0.438112,0.438112
-0.442408,0
-0.784185,0
0.753522,0.34346
-0.683982,-0.498301
0.506061,-0.48029
-0.488213,0
-0.80448,0
0,0
-0.355146,-0.570638
0.451156,0
-0.795926,0
-0.361143,0
0.451156,0
-0.795926,0
-0.361143,0
0,0
-0.644529,0
0.401587,-0.587772
-0.77407,0
0.881025,0
-0.5404,0
-0.87394,-0.980463
-0.798277,-0.503475
0,0
-0.64174,0
0.679273,0.382632
-0.883808,-0.850486
-0.837398,-0.462532
0,0.430149
-0.609281,0
0,-0.354877
-0.49798,0
-0.886348,-0.838834
0,-0.765951
-0.664672,-0.771902
0,-0.902703
-0.637973,-0.488747
0,-0.673827
-0.724946,-0.939498
0,0
0,0
0.75667,0.376513
-0.72738,-0.540127
0,-0.360664
-0.896568,-0.73776
-0.491447,-0.449067
-0.872991,-0.738553
0,0
0,-0.535356
0.860528,0.860528
0,0
0,0
0,0
-0.869878,-0.869878
-0.939412,0
0,0
-0.835999,-0.820239
-0.904712,0
-0.527091,-0.43134
-0.473628,-0.573608
0.27794,-0.355648
-0.879041,-0.781844
-0.69447,0
-0.830635,0
-0.821587,-0.667046
-0.612927,-0.543796
-0.771922,-0.660007
-0.626725,-0.34639
0,-0.765752
-0.740737,0
0.400908,0
0,0
-0.579107,0
-0.727086,-0.626439
-0.571362,-0.598299
-0.765701,-0.776404
0,0
0,0
-0.698606,-0.764429
-0.329142,0
-0.364768,0
-0.847798,-0.808626
-0.847798,-0.808626
-0.667135,0
0.586822,0
-0.261921,0
-0.743505,-0.838869
-0.774137,-0.748025
-0.462642,0.677406
-0.457398,0
-0.580224,-0.585589
-0.644331,-0.362034
-0.580796,0
-0.688365,-0.688365
0.306484,0
-0.986163,0
-0.795958,0
-0.296629,0.484857
0,0
-0.470692,-0.385106
0,0
-0.841072,0
0,0
-0.841072,0
0,-0.90168
-0.706013,0
0,-0.815345
0,-0.302198
-0.788955,0.313592
-0.656248,-0.457269
-0.342079,-0.525943
-0.523826,-0.863719
-0.342079,-0.525943
-0.523826,-0.863719
0,0
0,0
0,0
-0.815546,-0.764376
0,0
0.570116,0.4553
0,0
-0.409207,-0.409207
-0.510995,0
-0.510995,0
0,0.268085
-0.383588,-0.518087
-0.752134,0
-0.719305,-0.679382
0.716813,0.790743
0,0
-0.790855,0.626232
-0.701379,-0.657216
0.716813,0.790743
0,0
-0.790855,0.626232
-0.701379,-0.657216
-0.720083,-0.648394
0.625546,-0.544728
-0.608118,0
-0.659632,0
0,0
-0.373226,-0.373226
0,-0.416019
-0.315275,0.26199
-0.5505,0
0,0
-0.630945,-0.322774
0,0
-0.512144,-0.296801
-0.726325,0
-0.845107,-0.778039
-0.6696,-0.578754
-0.768619,-0.715702
-0.664442,-0.695267
0.32376,-0.613943
-0.483184,-0.494052
0.652941,0
-0.698117,0
0.335557,0.577253
-0.414459,0
-0.692575,0
-0.526539,0
0.335557,0.577253
-0.414459,0
-0.692575,0
-0.526539,0
0,0
0,0
-0.599166,-0.948497
0,0
-0.810429,0
-0.463232,-0.594188
0,0
-0.308181,0
0.517571,-0.545871
-0.353471,0.390041
0,0
-0.668546,0
0,0
-0.474966,-0.732501
-0.813601,0
-0.626924,-0.626924
-0.813601,0
-0.626924,-0.626924
-0.829715,-0.734041
-0.680758,-0.693082
0,0
0,0
0,0
-0.751639,-0.532569
0,-0.961725
-0.629318,-0.638769
0.308976,0
0,0
-0.727884,0
-0.420028,0.233958
-0.587684,0
-0.701711,0
-0.513718,0
-0.58872,-0.870758
-0.438723,0
0,0
-0.58872,-0.870758
-0.438723,0
0,0
-0.438166,-0.54437
-0.389378,0
-0.778756,0
-0.693445,-0.512721
0,0
-0.553552,0
0.564317,0
0.390966,0.434077
-0.434,-0.534766
0.401756,0
0,0
0,0.250086
-0.426991,-0.555861
-0.626029,0
0.413496,0
-0.301138,0
-0.928624,-0.951814
-0.754486,0
-0.582229,0.747779
0,-0.335707
-0.906956,-0.977547
-0.472203,0
-0.922264,0
-0.900632,0
-0.71409,0
0.552601,0
0.539477,0
-0.935053,0
0,0
-0.539335,0
-0.409457,-0.683496
0.361983,0.596217
0,0
-0.280326,-0.311235
-0.930737,0
-0.668819,0
-0.616435,0
-0.668819,0
-0.616435,0
-0.32453,-0.581317
-0.808439,0.759658
0.502915,0
-0.388853,-0.341855
0.811252,0.432407
-0.92815,-0.896989
0.68498,0
-0.53389,0
-0.767866,-0.953044
-0.47936,-0.505855
-0.725292,0
-0.80966,-0.833327
0.300696,0
-0.579568,-0.754787
-0.397067,-0.547745
0.719799,0.696425
-0.711912,0
0.313546,0.269724
-0.711912,0
0.313546,0.269724
-0.890013,-0.82673
-0.367572,0
-0.590625,-0.750237
-0.636204,-0.711696
0,-0.932702
-0.835377,-0.716459
0,-0.930295
-0.850689,0
-0.941546,-0.64409
-0.835973,0
-0.754572,0
0.247655,0
-0.353925,-0.493036
0.619394,0
0.42572,0.535849
-0.372085,-0.539238
-0.578041,0
0,0
0,-0.705888
0,0
-0.834347,0
-0.872249,-0.794791
-0.816941,0
-0.595781,0
0,0
0,-0.457714
-0.554858,0
-0.668211,-0.499755
0.284806,0.267015
-0.892826,-0.813649
-0.669741,0
0,0
0.303696,-0.68302
-0.64722,0
-0.383786,0
-0.522852,-0.522852
-0.50585,0
-0.602491,0.37229
0,0
0,0
-0.311134,0.347273
0,-0.565872
0.486919,0
-0.584681,0
0.428383,-0.58699
-0.909061,0
-0.772105,-0.994231
-0.54176,0
-0.54176,0
-0.673052,-0.531085
0,0
-0.350498,0
0,0
0,0
0,0.564844
-0.697453,0
-0.28897,0.492405
-0.670244,0
-0.28897,0.492405
-0.670244,0
0.375408,0
0.779305,0
0,-0.380752
0,-0.805575
0,0
-0.314691,-0.497508
0,0
0.329002,0.329002
0,0
-0.689695,0.495726
-0.705304,0
0,-0.430881
-0.843195,0
-0.303745,0
0,0
-0.781937,0
-0.546993,0
0,0
0,-0.470238
-0.755755,-0.747348
0,-0.828335
-0.932891,-0.690085
-0.646368,0
-0.491253,0.76382
-0.264292,0
-0.893314,-0.538928
-0.928519,-0.622362
-0.276582,0.272908
0.624175,-0.5546
0,-0.506994
0,-0.810649
0,0
0,0
-0.680277,-0.680277
0,0
-0.830337,0.865788
-0.642612,0
-0.781443,-0.670671
0,0.496894
0,0
-0.687054,0
0,0
-0.509414,-0.320988
-0.743142,0
0,0
0,0
0,0
-0.803558,0
-0.885393,-0.678944
-0.616993,0
0,0
-0.802329,-0.762206
-0.523457,0
0,0
0,0
0,-0.458354
0.786925,0.786925
-0.432381,0
0.527305,-0.324513
-0.916097,0
-0.885804,-0.529739
0.237508,0
0,0
-0.639463,0
0,-0.331973
-0.691383,0
-0.945702,0
0,0
-0.690359,0
0,0
0,0
-0.598118,0
0,0
0.692522,0.692522
-0.786746,0
0,0
0,-0.95519
-0.876618,0
0,-0.95519
-0.876618,0
0,0
-0.925291,0
-0.681326,0
0.305798,0
-0.415864,-0.306394
0.503197,0
-0.690614,0
0.747637,0
0,0.513147
0,0
0.512049,0.335261
-0.493356,-0.493478
0,0
0,0.363401
0,0
0,0
-0.562335,0
-0.883848,0
-0.562335,0
-0.883848,0
-0.587217,-0.587217
0,0
0,0
0,0
-0.642366,-0.310063
0.370966,0
0,0
-0.902988,-0.836461
0.581607,0.348602
-0.626667,-0.765363
-0.77487,0
-0.79253,0
0,0
0.703136,0
0,0.665862
-0.357229,0
-0.563363,0
0.325725,0
0.325725,0
0.39305,0.334348
-0.51624,0
-0.547531,0
0,0
0.398298,0
0,0
-0.460985,-0.432778
0,-0.529725
-0.651065,0
-0.360137,0
-0.721124,0
-0.576407,-0.569721
0,0
-0.597024,-0.376707
0,0
-0.538502,0
-0.669039,-0.605532
-0.300376,0
0,0
-0.300376,0
0,0
-0.636056,0
-0.724856,-0.366654
0,0
0,0
-0.808035,0
0,-0.818281
0.6183,0
-0.804015,-0.774754
-0.67933,-0.647054
-0.631699,-0.630549
-0.530091,0
0.374311,0
-0.852625,0
0.283713,-0.282416
0,0
-0.337831,-0.443736
-0.317426,0
0,0
-0.996335,0
0,0.527467
-0.350488,0
-0.528581,0
-0.617197,0
0,0
0,0
0.374311,0
-0.673123,0
-0.310571,-0.917277
-0.673123,0
-0.310571,-0.917277
-0.920897,-0.923631
-0.618873,-0.598119
0,0
-0.497615,-0.459626
0,0
0,0
0,0
-0.46722,0
0.588186,-0.598627
-0.46427,0
0,0
-0.64468,0
-0.626337,-0.698067
0,0
-0.501425,-0.501425
0,0.680236
0,0
-0.636976,0
0,0
-0.636976,0
0,0
0,0
-0.545627,-0.659457
0,0
-0.469528,0
-0.905641,0
-0.63463,0
-0.868742,0
0,0
-0.357203,0
0,0
0,0
0,0
-0.333162,0
-0.476867,0
0,0
-0.515628,0
0,0
-0.515628,0
0,0
-0.702255,-0.254855
0,0
-0.609976,0
0.324084,0
-0.538712,-0.747088
-0.626705,-0.629249
0,0
-0.506655,-0.894886
-0.642878,0
-0.566674,-0.607979
0,-0.641715
0.504152,0
-0.460937,0
0,0
0,-0.521773
-0.674145,-0.572809
0,-0.793653
0,0
0,0
-0.724724,0.643392
0,0
0,0
-0.282273,0
0,0
0,0
-0.310852,0
-0.786012,0
-0.450131,0.885458
-0.450131,0.885458
-0.860638,-0.608117
-0.863931,0
0.97595,0
0,0
0,0
-0.503748,0
0.968831,0
0,0
0,0
0,0
-0.719194,0
0,0
0,0
-0.47428,0
-0.521438,-0.276479
-0.875232,0
-0.841873,-0.530376
-0.724724,0.643392
0,-0.358627
0,0
0,0
0,-0.679309
0.283069,0
0.836559,0
0,0
-0.663642,0.343466
0,0
0,0
0.459745,0
0,0
0.459745,0
0,0
-0.414202,0
0,0
0,0
0.830465,0
-0.49271,-0.667174
0.558991,0
0,0
0,0
0,0
0,0.250193
-0.469099,0
-0.263971,0
0,0
-0.711364,0
-0.787475,0
-0.725137,0
-0.569533,0
0,0
-0.39474,0
0.505755,0
0,0
0.551561,0
0.906384,0
0,0
0,0
0,0
-0.654366,0
0,0
-0.571573,0
0,0
0.260331,0
0,0
0,0
-0.652252,0
0.453926,0
-0.423221,0
-0.587709,0
0,0
-0.821248,0
0,0
0,0
-0.610537,0
-0.853401,0
0,0
-0.673006,0
0,0
-0.88708,0
0,0
-0.88708,0
-0.636986,0
-0.641465,0
-0.965582,0
-0.720247,0
-0.513005,-0.315245
0,0
-0.322953,0
0,0
0,-0.625421
0.263584,0
-0.429277,0
0,0
-0.34423,0
0,0
-0.566442,0
-0.703694,0
-0.54926,-0.808883
0,0
